-- phpMyAdmin SQL Dump
-- version 4.8.3
-- https://www.phpmyadmin.net/
--
-- Host: localhost
-- Generation Time: Dec 10, 2018 at 03:32 AM
-- Server version: 10.1.37-MariaDB
-- PHP Version: 7.2.12

SET SQL_MODE = "NO_AUTO_VALUE_ON_ZERO";
SET AUTOCOMMIT = 0;
START TRANSACTION;
SET time_zone = "+00:00";


/*!40101 SET @OLD_CHARACTER_SET_CLIENT=@@CHARACTER_SET_CLIENT */;
/*!40101 SET @OLD_CHARACTER_SET_RESULTS=@@CHARACTER_SET_RESULTS */;
/*!40101 SET @OLD_COLLATION_CONNECTION=@@COLLATION_CONNECTION */;
/*!40101 SET NAMES utf8mb4 */;

--
-- Database: `dars`
--

-- --------------------------------------------------------

--
-- Table structure for table `admission`
--

CREATE TABLE `admission` (
  `cadmission_id` varchar(255) NOT NULL,
  `dadmission_year` year(4) NOT NULL,
  `csemester_id` varchar(255) NOT NULL
) ENGINE=InnoDB DEFAULT CHARSET=latin1;

--
-- Dumping data for table `admission`
--

INSERT INTO `admission` (`cadmission_id`, `dadmission_year`, `csemester_id`) VALUES
('autumn2016', 2016, 'autumn'),
('autumn2017', 2017, 'autumn'),
('autumn2018', 2018, 'autumn'),
('spring2016', 2016, 'spring'),
('spring2017', 2017, 'spring'),
('spring2018', 2018, 'spring'),
('summer2016', 2016, 'summer'),
('summer2017', 2017, 'summer'),
('summer2018', 2018, 'summer');

-- --------------------------------------------------------

--
-- Table structure for table `major`
--

CREATE TABLE `major` (
  `cmajor_id` varchar(255) NOT NULL,
  `cmajor_name` varchar(255) DEFAULT NULL
) ENGINE=InnoDB DEFAULT CHARSET=latin1;

--
-- Dumping data for table `major`
--

INSERT INTO `major` (`cmajor_id`, `cmajor_name`) VALUES
('B. Arch', 'Bachelor of Science in Architecture'),
('BA ENG', 'Bachelor of Arts in English'),
('BA SOC', 'Bachelor Arts in Sociology'),
('BBA General', 'Bachelor of Business Administration in General'),
('BBA_ACT', 'Bachelor of Business Administration in Accounting'),
('BBA_ECO', 'Bachelor of Business Administration in Economics'),
('BBA_ENT', 'Bachelor of Business Administration in Entrance'),
('BBA_FIN', 'Bachelor of Business Administration in Finance'),
('BBA_HRM', 'Bachelor of Business Administration in Human Resource Management'),
('BBA_IB', 'Bachelor of Business Administration in International Business'),
('BBA_MGT', 'Bachelor of Business Administration in Management'),
('BBA_MIS', 'Bachelor of Business Administration in Management Information Systems'),
('BBA_MKT', 'Bachelor of Business Administration in Marketing'),
('BBA_SCM', 'Bachelor of Business Administration in Supply Chain Management '),
('BC CS', 'Bachelor of Science in Computer Science'),
('BS Bichem', 'Bachelor of Science in Biochemistry'),
('BS Civil', 'Bachelor of Science in Civil Engineering'),
('BS CSE', 'Bachelor of Science in Computer Science and Engineering'),
('BS ECO', 'Bachelor of Science in Economics'),
('BS EEE', 'Bachelor of Science in Electrical and Electronic Engineering'),
('BS ENV MGT', 'Bachelor of Science in Environmental Science and Management'),
('BS ENV SCI', 'Bachelor of Science in Environmental Science'),
('BS ETE', 'Bachelor of Science in Electronic & Telecommunication Engineering'),
('BS Mic', 'Bachelor of Science in Microbiology'),
('LLB', 'Bachelor of Law'),
('PHRM_PROF', 'MPharm in Pharmaceutical');

-- --------------------------------------------------------

--
-- Table structure for table `offeredmajor`
--

CREATE TABLE `offeredmajor` (
  `cmajor_id` varchar(255) NOT NULL,
  `cschool_id` varchar(255) NOT NULL,
  `cuni_id` varchar(255) NOT NULL
) ENGINE=InnoDB DEFAULT CHARSET=latin1;

--
-- Dumping data for table `offeredmajor`
--

INSERT INTO `offeredmajor` (`cmajor_id`, `cschool_id`, `cuni_id`) VALUES
('B. Arch', 'SEPS', 'nsu'),
('BA ENG', 'SBE', 'nsu'),
('BA SOC', 'SHSS', 'nsu'),
('BBA General', 'SBE', 'nsu'),
('BBA_ACT', 'SBE', 'nsu'),
('BBA_ECO', 'SBE', 'nsu'),
('BBA_ENT', 'SBE', 'nsu'),
('BBA_FIN', 'SBE', 'nsu'),
('BBA_HRM', 'SBE', 'nsu'),
('BBA_IB', 'SBE', 'nsu'),
('BBA_MGT', 'SBE', 'nsu'),
('BBA_MIS', 'SBE', 'nsu'),
('BBA_MKT', 'SBE', 'nsu'),
('BBA_SCM', 'SBE', 'nsu'),
('BC CS', 'SEPS', 'nsu'),
('BS Civil', 'SEPS', 'nsu'),
('BS CSE', 'SEPS', 'nsu'),
('BS EEE', 'SEPS', 'nsu'),
('BS ETE', 'SEPS', 'nsu'),
('BS Mic', 'SHLS', 'nsu'),
('LLB', 'SHSS', 'nsu'),
('PHRM_PROF', 'SHSS', 'nsu');

-- --------------------------------------------------------

--
-- Table structure for table `school`
--

CREATE TABLE `school` (
  `cschool_id` varchar(255) NOT NULL,
  `csch_name` varchar(255) DEFAULT NULL,
  `cuni_id` varchar(255) NOT NULL
) ENGINE=InnoDB DEFAULT CHARSET=latin1;

--
-- Dumping data for table `school`
--

INSERT INTO `school` (`cschool_id`, `csch_name`, `cuni_id`) VALUES
('SB', 'School of Business', 'iub'),
('SBE', 'School of Business & Economics', 'nsu'),
('SECS', 'School of Engineering & Computer Science', 'iub'),
('SEPS', 'School of Engineering & Physical Sciences', 'nsu'),
('SESM', 'School of Environmental Science & Management', 'iub'),
('SHLS', 'School of Health & Life Sciences', 'nsu'),
('SHSS', 'School of Humanities & Social Sciences', 'nsu'),
('SLASS', 'School of Liberal Arts & Social Sciences', 'iub'),
('SLS', 'School of Life Sciences', 'iub'),
('SPH', 'School of Public Health', 'iub');

-- --------------------------------------------------------

--
-- Table structure for table `semester`
--

CREATE TABLE `semester` (
  `csemester_id` varchar(255) NOT NULL,
  `csemester_name` varchar(255) NOT NULL
) ENGINE=InnoDB DEFAULT CHARSET=latin1;

--
-- Dumping data for table `semester`
--

INSERT INTO `semester` (`csemester_id`, `csemester_name`) VALUES
('autumn', 'Autumn'),
('spring', 'Spring'),
('summer', 'Summer');

-- --------------------------------------------------------

--
-- Table structure for table `student`
--

CREATE TABLE `student` (
  `cstu_id` varchar(255) NOT NULL,
  `cmajor_id` varchar(255) DEFAULT NULL,
  `cuni_id` varchar(255) NOT NULL,
  `cadmission_id` varchar(255) DEFAULT NULL
) ENGINE=InnoDB DEFAULT CHARSET=latin1;

--
-- Dumping data for table `student`
--

INSERT INTO `student` (`cstu_id`, `cmajor_id`, `cuni_id`, `cadmission_id`) VALUES
('1000', 'BA ENG', 'nsu', 'summer2018'),
('1001', 'BA ENG', 'nsu', 'summer2018'),
('1002', 'B. Arch', 'nsu', 'summer2018'),
('1003', 'BS ENV SCI', 'nsu', 'summer2018'),
('1004', 'B. Arch', 'nsu', 'summer2018'),
('1005', 'BS EEE', 'nsu', 'summer2018'),
('1007', 'B. Arch', 'nsu', 'summer2018'),
('1009', 'B. Arch', 'nsu', 'summer2018'),
('1010', 'BS CSE', 'nsu', 'summer2018'),
('1011', 'B. Arch', 'nsu', 'summer2018'),
('1017', 'BBA_FIN', 'nsu', 'summer2018'),
('1019', 'BS CSE', 'nsu', 'summer2018'),
('1020', 'PHRM_PROF', 'nsu', 'summer2018'),
('1023', 'B. Arch', 'nsu', 'summer2018'),
('1024', 'PHRM_PROF', 'nsu', 'summer2018'),
('1025', 'B. Arch', 'nsu', 'summer2018'),
('1026', 'BS Civil', 'nsu', 'summer2018'),
('1029', 'BS EEE', 'nsu', 'summer2018'),
('1031', 'B. Arch', 'nsu', 'summer2018'),
('1032', 'B. Arch', 'nsu', 'summer2018'),
('1034', 'BS CSE', 'nsu', 'summer2018'),
('1035', 'BS CSE', 'nsu', 'summer2018'),
('1037', 'PHRM_PROF', 'nsu', 'summer2018'),
('1038', 'B. Arch', 'nsu', 'summer2018'),
('1039', 'B. Arch', 'nsu', 'summer2018'),
('1040', 'LLB', 'nsu', 'summer2018'),
('1041', 'B. Arch', 'nsu', 'summer2018'),
('1042', 'B. Arch', 'nsu', 'summer2018'),
('1043', 'BS EEE', 'nsu', 'summer2018'),
('1045', 'B. Arch', 'nsu', 'summer2018'),
('1047', 'B. Arch', 'nsu', 'summer2018'),
('1048', 'PHRM_PROF', 'nsu', 'summer2018'),
('1049', 'BS CSE', 'nsu', 'summer2018'),
('1050', 'B. Arch', 'nsu', 'summer2018'),
('1051', 'BS CSE', 'nsu', 'summer2018'),
('1052', 'B. Arch', 'nsu', 'summer2018'),
('1053', 'BS Civil', 'nsu', 'summer2018'),
('1055', 'B. Arch', 'nsu', 'summer2018'),
('1056', 'BS CSE', 'nsu', 'summer2018'),
('1059', 'PHRM_PROF', 'nsu', 'summer2018'),
('1060', 'B. Arch', 'nsu', 'summer2018'),
('1061', 'BS CSE', 'nsu', 'summer2018'),
('1062', 'BS CSE', 'nsu', 'summer2018'),
('1063', 'BS CSE', 'nsu', 'summer2018'),
('1066', 'B. Arch', 'nsu', 'summer2018'),
('1067', 'PHRM_PROF', 'nsu', 'summer2018'),
('1070', 'BS CSE', 'nsu', 'summer2018'),
('1071', 'B. Arch', 'nsu', 'summer2018'),
('1072', 'B. Arch', 'nsu', 'summer2018'),
('1073', 'B. Arch', 'nsu', 'summer2018'),
('1074', 'B. Arch', 'nsu', 'summer2018'),
('1076', 'B. Arch', 'nsu', 'summer2018'),
('1077', 'BS CSE', 'nsu', 'summer2018'),
('1078', 'BS ETE', 'nsu', 'summer2018'),
('1080', 'PHRM_PROF', 'nsu', 'summer2018'),
('1081', 'B. Arch', 'nsu', 'summer2018'),
('1082', 'B. Arch', 'nsu', 'summer2018'),
('1083', 'BS Civil', 'nsu', 'summer2018'),
('1084', 'B. Arch', 'nsu', 'summer2018'),
('1085', 'BS EEE', 'nsu', 'summer2018'),
('1086', 'B. Arch', 'nsu', 'summer2018'),
('1087', 'B. Arch', 'nsu', 'summer2018'),
('1089', 'BS CSE', 'nsu', 'summer2018'),
('1700000', 'B. Arch', 'nsu', 'autumn2017'),
('1700001', 'B. Arch', 'nsu', 'autumn2017'),
('1700002', 'B. Arch', 'nsu', 'autumn2017'),
('1700003', 'B. Arch', 'nsu', 'autumn2017'),
('1700004', 'B. Arch', 'nsu', 'autumn2017'),
('1700005', 'B. Arch', 'nsu', 'autumn2017'),
('1700006', 'B. Arch', 'nsu', 'autumn2017'),
('1700007', 'B. Arch', 'nsu', 'autumn2017'),
('1700008', 'B. Arch', 'nsu', 'autumn2017'),
('1700009', 'B. Arch', 'nsu', 'autumn2017'),
('1700010', 'B. Arch', 'nsu', 'autumn2017'),
('1700011', 'B. Arch', 'nsu', 'autumn2017'),
('1700012', 'B. Arch', 'nsu', 'autumn2017'),
('1700013', 'B. Arch', 'nsu', 'autumn2017'),
('1700014', 'B. Arch', 'nsu', 'autumn2017'),
('1700015', 'BA ENG', 'nsu', 'autumn2017'),
('1700016', 'BA ENG', 'nsu', 'autumn2017'),
('1700017', 'BA ENG', 'nsu', 'autumn2017'),
('1700018', 'BA ENG', 'nsu', 'autumn2017'),
('1700019', 'BA ENG', 'nsu', 'autumn2017'),
('1700020', 'BA ENG', 'nsu', 'autumn2017'),
('1700021', 'BA ENG', 'nsu', 'autumn2017'),
('1700022', 'BA ENG', 'nsu', 'autumn2017'),
('1700023', 'BA ENG', 'nsu', 'autumn2017'),
('1700024', 'BA ENG', 'nsu', 'autumn2017'),
('1700025', 'BA ENG', 'nsu', 'autumn2017'),
('1700026', 'BA ENG', 'nsu', 'autumn2017'),
('1700027', 'BBA General', 'nsu', 'autumn2017'),
('1700028', 'BBA General', 'nsu', 'autumn2017'),
('1700029', 'BBA General', 'nsu', 'autumn2017'),
('1700030', 'BBA General', 'nsu', 'autumn2017'),
('1700031', 'BBA General', 'nsu', 'autumn2017'),
('1700032', 'BBA General', 'nsu', 'autumn2017'),
('1700033', 'BBA General', 'nsu', 'autumn2017'),
('1700034', 'BBA General', 'nsu', 'autumn2017'),
('1700035', 'BBA General', 'nsu', 'autumn2017'),
('1700036', 'BBA General', 'nsu', 'autumn2017'),
('1700037', 'BBA General', 'nsu', 'autumn2017'),
('1700038', 'BBA General', 'nsu', 'autumn2017'),
('1700039', 'BBA General', 'nsu', 'autumn2017'),
('1700040', 'BBA General', 'nsu', 'autumn2017'),
('1700041', 'BBA General', 'nsu', 'autumn2017'),
('1700042', 'BBA General', 'nsu', 'autumn2017'),
('1700043', 'BBA General', 'nsu', 'autumn2017'),
('1700044', 'BBA General', 'nsu', 'autumn2017'),
('1700045', 'BBA General', 'nsu', 'autumn2017'),
('1700046', 'BBA General', 'nsu', 'autumn2017'),
('1700047', 'BBA General', 'nsu', 'autumn2017'),
('1700048', 'BBA General', 'nsu', 'autumn2017'),
('1700049', 'BBA General', 'nsu', 'autumn2017'),
('1700050', 'BBA General', 'nsu', 'autumn2017'),
('1700051', 'BBA General', 'nsu', 'autumn2017'),
('1700052', 'BBA General', 'nsu', 'autumn2017'),
('1700053', 'BBA General', 'nsu', 'autumn2017'),
('1700054', 'BBA General', 'nsu', 'autumn2017'),
('1700055', 'BBA General', 'nsu', 'autumn2017'),
('1700056', 'BBA General', 'nsu', 'autumn2017'),
('1700057', 'BBA General', 'nsu', 'autumn2017'),
('1700058', 'BBA General', 'nsu', 'autumn2017'),
('1700059', 'BBA General', 'nsu', 'autumn2017'),
('1700060', 'BBA General', 'nsu', 'autumn2017'),
('1700061', 'BBA General', 'nsu', 'autumn2017'),
('1700062', 'BBA General', 'nsu', 'autumn2017'),
('1700063', 'BBA General', 'nsu', 'autumn2017'),
('1700064', 'BBA General', 'nsu', 'autumn2017'),
('1700065', 'BBA General', 'nsu', 'autumn2017'),
('1700066', 'BBA General', 'nsu', 'autumn2017'),
('1700067', 'BBA General', 'nsu', 'autumn2017'),
('1700068', 'BBA General', 'nsu', 'autumn2017'),
('1700069', 'BBA General', 'nsu', 'autumn2017'),
('1700070', 'BBA General', 'nsu', 'autumn2017'),
('1700071', 'BBA General', 'nsu', 'autumn2017'),
('1700072', 'BBA General', 'nsu', 'autumn2017'),
('1700073', 'BBA General', 'nsu', 'autumn2017'),
('1700074', 'BBA_ACT', 'nsu', 'autumn2017'),
('1700075', 'BBA_ACT', 'nsu', 'autumn2017'),
('1700076', 'BBA_ACT', 'nsu', 'autumn2017'),
('1700077', 'BBA_ACT', 'nsu', 'autumn2017'),
('1700078', 'BBA_ACT', 'nsu', 'autumn2017'),
('1700079', 'BBA_ACT', 'nsu', 'autumn2017'),
('1700080', 'BBA_ACT', 'nsu', 'autumn2017'),
('1700081', 'BBA_ACT', 'nsu', 'autumn2017'),
('1700082', 'BBA_ACT', 'nsu', 'autumn2017'),
('1700083', 'BBA_ACT', 'nsu', 'autumn2017'),
('1700084', 'BBA_ACT', 'nsu', 'autumn2017'),
('1700085', 'BBA_ACT', 'nsu', 'autumn2017'),
('1700086', 'BBA_ACT', 'nsu', 'autumn2017'),
('1700087', 'BBA_ACT', 'nsu', 'autumn2017'),
('1700088', 'BBA_ACT', 'nsu', 'autumn2017'),
('1700089', 'BBA_ACT', 'nsu', 'autumn2017'),
('1700090', 'BBA_ACT', 'nsu', 'autumn2017'),
('1700091', 'BBA_ACT', 'nsu', 'autumn2017'),
('1700092', 'BBA_ACT', 'nsu', 'autumn2017'),
('1700093', 'BBA_ACT', 'nsu', 'autumn2017'),
('1700094', 'BBA_ACT', 'nsu', 'autumn2017'),
('1700095', 'BBA_ACT', 'nsu', 'autumn2017'),
('1700096', 'BBA_ACT', 'nsu', 'autumn2017'),
('1700097', 'BBA_ACT', 'nsu', 'autumn2017'),
('1700098', 'BBA_ACT', 'nsu', 'autumn2017'),
('1700099', 'BBA_ACT', 'nsu', 'autumn2017'),
('1700100', 'BBA_ACT', 'nsu', 'autumn2017'),
('1700101', 'BBA_ACT', 'nsu', 'autumn2017'),
('1700102', 'BBA_ACT', 'nsu', 'autumn2017'),
('1700103', 'BBA_ACT', 'nsu', 'autumn2017'),
('1700104', 'BBA_ACT', 'nsu', 'autumn2017'),
('1700105', 'BBA_ACT', 'nsu', 'autumn2017'),
('1700106', 'BBA_ACT', 'nsu', 'autumn2017'),
('1700107', 'BBA_ACT', 'nsu', 'autumn2017'),
('1700108', 'BBA_ACT', 'nsu', 'autumn2017'),
('1700109', 'BBA_ACT', 'nsu', 'autumn2017'),
('1700110', 'BBA_ACT', 'nsu', 'autumn2017'),
('1700111', 'BBA_ACT', 'nsu', 'autumn2017'),
('1700112', 'BBA_ECO', 'nsu', 'autumn2017'),
('1700113', 'BBA_ECO', 'nsu', 'autumn2017'),
('1700114', 'BBA_ECO', 'nsu', 'autumn2017'),
('1700115', 'BBA_ECO', 'nsu', 'autumn2017'),
('1700116', 'BBA_ECO', 'nsu', 'autumn2017'),
('1700117', 'BBA_ECO', 'nsu', 'autumn2017'),
('1700118', 'BBA_ECO', 'nsu', 'autumn2017'),
('1700119', 'BBA_ECO', 'nsu', 'autumn2017'),
('1700120', 'BBA_ECO', 'nsu', 'autumn2017'),
('1700121', 'BBA_ECO', 'nsu', 'autumn2017'),
('1700122', 'BBA_ECO', 'nsu', 'autumn2017'),
('1700123', 'BBA_ECO', 'nsu', 'autumn2017'),
('1700124', 'BBA_ECO', 'nsu', 'autumn2017'),
('1700125', 'BBA_ECO', 'nsu', 'autumn2017'),
('1700126', 'BBA_ECO', 'nsu', 'autumn2017'),
('1700127', 'BBA_ECO', 'nsu', 'autumn2017'),
('1700128', 'BBA_ECO', 'nsu', 'autumn2017'),
('1700129', 'BBA_ECO', 'nsu', 'autumn2017'),
('1700130', 'BBA_ECO', 'nsu', 'autumn2017'),
('1700131', 'BBA_ECO', 'nsu', 'autumn2017'),
('1700132', 'BBA_ECO', 'nsu', 'autumn2017'),
('1700133', 'BBA_ECO', 'nsu', 'autumn2017'),
('1700134', 'BBA_ECO', 'nsu', 'autumn2017'),
('1700135', 'BBA_ECO', 'nsu', 'autumn2017'),
('1700136', 'BBA_ECO', 'nsu', 'autumn2017'),
('1700137', 'BBA_ECO', 'nsu', 'autumn2017'),
('1700138', 'BBA_ECO', 'nsu', 'autumn2017'),
('1700139', 'BBA_ECO', 'nsu', 'autumn2017'),
('1700140', 'BBA_ECO', 'nsu', 'autumn2017'),
('1700141', 'BBA_ECO', 'nsu', 'autumn2017'),
('1700142', 'BBA_ECO', 'nsu', 'autumn2017'),
('1700143', 'BBA_ECO', 'nsu', 'autumn2017'),
('1700144', 'BBA_ECO', 'nsu', 'autumn2017'),
('1700145', 'BBA_ECO', 'nsu', 'autumn2017'),
('1700146', 'BBA_ECO', 'nsu', 'autumn2017'),
('1700147', 'BBA_ECO', 'nsu', 'autumn2017'),
('1700148', 'BBA_ECO', 'nsu', 'autumn2017'),
('1700149', 'BBA_ECO', 'nsu', 'autumn2017'),
('1700150', 'BBA_ECO', 'nsu', 'autumn2017'),
('1700151', 'BBA_ECO', 'nsu', 'autumn2017'),
('1700152', 'BBA_ECO', 'nsu', 'autumn2017'),
('1700153', 'BBA_ECO', 'nsu', 'autumn2017'),
('1700154', 'BBA_ECO', 'nsu', 'autumn2017'),
('1700155', 'BBA_ECO', 'nsu', 'autumn2017'),
('1700156', 'BBA_ECO', 'nsu', 'autumn2017'),
('1700157', 'BBA_ECO', 'nsu', 'autumn2017'),
('1700158', 'BBA_ECO', 'nsu', 'autumn2017'),
('1700159', 'BBA_ECO', 'nsu', 'autumn2017'),
('1700160', 'BBA_ECO', 'nsu', 'autumn2017'),
('1700161', 'BBA_ECO', 'nsu', 'autumn2017'),
('1700162', 'BBA_ECO', 'nsu', 'autumn2017'),
('1700163', 'BBA_ECO', 'nsu', 'autumn2017'),
('1700164', 'BBA_ECO', 'nsu', 'autumn2017'),
('1700165', 'BBA_ECO', 'nsu', 'autumn2017'),
('1700166', 'BBA_ECO', 'nsu', 'autumn2017'),
('1700167', 'BBA_HRM', 'nsu', 'autumn2017'),
('1700168', 'BBA_HRM', 'nsu', 'autumn2017'),
('1700169', 'BBA_HRM', 'nsu', 'autumn2017'),
('1700170', 'BBA_HRM', 'nsu', 'autumn2017'),
('1700171', 'BBA_HRM', 'nsu', 'autumn2017'),
('1700172', 'BBA_HRM', 'nsu', 'autumn2017'),
('1700173', 'BBA_HRM', 'nsu', 'autumn2017'),
('1700174', 'BBA_HRM', 'nsu', 'autumn2017'),
('1700175', 'BBA_HRM', 'nsu', 'autumn2017'),
('1700176', 'BBA_HRM', 'nsu', 'autumn2017'),
('1700177', 'BBA_HRM', 'nsu', 'autumn2017'),
('1700178', 'BBA_HRM', 'nsu', 'autumn2017'),
('1700179', 'BBA_HRM', 'nsu', 'autumn2017'),
('1700180', 'BBA_HRM', 'nsu', 'autumn2017'),
('1700181', 'BBA_HRM', 'nsu', 'autumn2017'),
('1700182', 'BBA_HRM', 'nsu', 'autumn2017'),
('1700183', 'BBA_HRM', 'nsu', 'autumn2017'),
('1700184', 'BBA_HRM', 'nsu', 'autumn2017'),
('1700185', 'BBA_HRM', 'nsu', 'autumn2017'),
('1700186', 'BBA_HRM', 'nsu', 'autumn2017'),
('1700187', 'BBA_HRM', 'nsu', 'autumn2017'),
('1700188', 'BBA_HRM', 'nsu', 'autumn2017'),
('1700189', 'BBA_HRM', 'nsu', 'autumn2017'),
('1700190', 'BBA_HRM', 'nsu', 'autumn2017'),
('1700191', 'BBA_HRM', 'nsu', 'autumn2017'),
('1700192', 'BBA_HRM', 'nsu', 'autumn2017'),
('1700193', 'BBA_HRM', 'nsu', 'autumn2017'),
('1700194', 'BBA_HRM', 'nsu', 'autumn2017'),
('1700195', 'BBA_HRM', 'nsu', 'autumn2017'),
('1700196', 'BBA_HRM', 'nsu', 'autumn2017'),
('1700197', 'BBA_HRM', 'nsu', 'autumn2017'),
('1700198', 'BBA_HRM', 'nsu', 'autumn2017'),
('1700199', 'BBA_HRM', 'nsu', 'autumn2017'),
('1700200', 'BBA_HRM', 'nsu', 'autumn2017'),
('1700201', 'BBA_HRM', 'nsu', 'autumn2017'),
('1700202', 'BBA_HRM', 'nsu', 'autumn2017'),
('1700203', 'BBA_HRM', 'nsu', 'autumn2017'),
('1700204', 'BBA_HRM', 'nsu', 'autumn2017'),
('1700205', 'BBA_HRM', 'nsu', 'autumn2017'),
('1700206', 'BBA_HRM', 'nsu', 'autumn2017'),
('1700207', 'BBA_HRM', 'nsu', 'autumn2017'),
('1700208', 'BBA_HRM', 'nsu', 'autumn2017'),
('1700209', 'BBA_HRM', 'nsu', 'autumn2017'),
('1700210', 'BBA_HRM', 'nsu', 'autumn2017'),
('1700211', 'BBA_HRM', 'nsu', 'autumn2017'),
('1700212', 'BBA_HRM', 'nsu', 'autumn2017'),
('1700213', 'BBA_HRM', 'nsu', 'autumn2017'),
('1700214', 'BBA_HRM', 'nsu', 'autumn2017'),
('1700215', 'BBA_HRM', 'nsu', 'autumn2017'),
('1700216', 'BBA_HRM', 'nsu', 'autumn2017'),
('1700217', 'BBA_HRM', 'nsu', 'autumn2017'),
('1700218', 'BBA_HRM', 'nsu', 'autumn2017'),
('1700219', 'BBA_HRM', 'nsu', 'autumn2017'),
('1700220', 'BBA_HRM', 'nsu', 'autumn2017'),
('1700221', 'BBA_HRM', 'nsu', 'autumn2017'),
('1700222', 'BBA_HRM', 'nsu', 'autumn2017'),
('1700223', 'BBA_HRM', 'nsu', 'autumn2017'),
('1700224', 'BBA_HRM', 'nsu', 'autumn2017'),
('1700225', 'BBA_HRM', 'nsu', 'autumn2017'),
('1700226', 'BBA_HRM', 'nsu', 'autumn2017'),
('1700227', 'BBA_HRM', 'nsu', 'autumn2017'),
('1700228', 'BBA_HRM', 'nsu', 'autumn2017'),
('1700229', 'BBA_HRM', 'nsu', 'autumn2017'),
('1700230', 'BBA_HRM', 'nsu', 'autumn2017'),
('1700231', 'BBA_HRM', 'nsu', 'autumn2017'),
('1700232', 'BBA_HRM', 'nsu', 'autumn2017'),
('1700233', 'BBA_HRM', 'nsu', 'autumn2017'),
('1700234', 'BC CS', 'nsu', 'autumn2017'),
('1700235', 'BC CS', 'nsu', 'autumn2017'),
('1700236', 'BC CS', 'nsu', 'autumn2017'),
('1700237', 'BC CS', 'nsu', 'autumn2017'),
('1700238', 'BC CS', 'nsu', 'autumn2017'),
('1700239', 'BC CS', 'nsu', 'autumn2017'),
('1700240', 'BC CS', 'nsu', 'autumn2017'),
('1700241', 'BC CS', 'nsu', 'autumn2017'),
('1700242', 'BC CS', 'nsu', 'autumn2017'),
('1700243', 'BC CS', 'nsu', 'autumn2017'),
('1700244', 'BC CS', 'nsu', 'autumn2017'),
('1700245', 'BC CS', 'nsu', 'autumn2017'),
('1700246', 'BC CS', 'nsu', 'autumn2017'),
('1700247', 'BC CS', 'nsu', 'autumn2017'),
('1700248', 'BC CS', 'nsu', 'autumn2017'),
('1700249', 'BC CS', 'nsu', 'autumn2017'),
('1700250', 'BC CS', 'nsu', 'autumn2017'),
('1700251', 'BC CS', 'nsu', 'autumn2017'),
('1700252', 'BC CS', 'nsu', 'autumn2017'),
('1700253', 'BC CS', 'nsu', 'autumn2017'),
('1700254', 'BC CS', 'nsu', 'autumn2017'),
('1700255', 'BC CS', 'nsu', 'autumn2017'),
('1700256', 'BC CS', 'nsu', 'autumn2017'),
('1700257', 'BC CS', 'nsu', 'autumn2017'),
('1700258', 'BC CS', 'nsu', 'autumn2017'),
('1700259', 'BC CS', 'nsu', 'autumn2017'),
('1700260', 'BC CS', 'nsu', 'autumn2017'),
('1700261', 'BC CS', 'nsu', 'autumn2017'),
('1700262', 'BC CS', 'nsu', 'autumn2017'),
('1700263', 'BC CS', 'nsu', 'autumn2017'),
('1700264', 'BC CS', 'nsu', 'autumn2017'),
('1700265', 'BC CS', 'nsu', 'autumn2017'),
('1700266', 'BC CS', 'nsu', 'autumn2017'),
('1700267', 'BC CS', 'nsu', 'autumn2017'),
('1700268', 'BC CS', 'nsu', 'autumn2017'),
('1700269', 'BC CS', 'nsu', 'autumn2017'),
('1700270', 'BC CS', 'nsu', 'autumn2017'),
('1700271', 'BC CS', 'nsu', 'autumn2017'),
('1700272', 'BC CS', 'nsu', 'autumn2017'),
('1700273', 'BC CS', 'nsu', 'autumn2017'),
('1700274', 'BC CS', 'nsu', 'autumn2017'),
('1700275', 'BC CS', 'nsu', 'autumn2017'),
('1700276', 'BC CS', 'nsu', 'autumn2017'),
('1700277', 'BC CS', 'nsu', 'autumn2017'),
('1700278', 'BC CS', 'nsu', 'autumn2017'),
('1700279', 'BC CS', 'nsu', 'autumn2017'),
('1700280', 'BC CS', 'nsu', 'autumn2017'),
('1700281', 'BC CS', 'nsu', 'autumn2017'),
('1700282', 'BC CS', 'nsu', 'autumn2017'),
('1700283', 'BC CS', 'nsu', 'autumn2017'),
('1700284', 'BC CS', 'nsu', 'autumn2017'),
('1700285', 'BC CS', 'nsu', 'autumn2017'),
('1700286', 'BC CS', 'nsu', 'autumn2017'),
('1700287', 'BC CS', 'nsu', 'autumn2017'),
('1700288', 'BC CS', 'nsu', 'autumn2017'),
('1700289', 'BC CS', 'nsu', 'autumn2017'),
('1700290', 'BC CS', 'nsu', 'autumn2017'),
('1700291', 'BC CS', 'nsu', 'autumn2017'),
('1700292', 'BC CS', 'nsu', 'autumn2017'),
('1700293', 'BC CS', 'nsu', 'autumn2017'),
('1700294', 'BC CS', 'nsu', 'autumn2017'),
('1700295', 'BC CS', 'nsu', 'autumn2017'),
('1700296', 'BC CS', 'nsu', 'autumn2017'),
('1700297', 'BC CS', 'nsu', 'autumn2017'),
('1700298', 'BC CS', 'nsu', 'autumn2017'),
('1700299', 'BC CS', 'nsu', 'autumn2017'),
('1700300', 'BC CS', 'nsu', 'autumn2017'),
('1700301', 'BC CS', 'nsu', 'autumn2017'),
('1700302', 'BC CS', 'nsu', 'autumn2017'),
('1700303', 'BC CS', 'nsu', 'autumn2017'),
('1700304', 'BC CS', 'nsu', 'autumn2017'),
('1700305', 'BC CS', 'nsu', 'autumn2017'),
('1700306', 'BC CS', 'nsu', 'autumn2017'),
('1700307', 'BC CS', 'nsu', 'autumn2017'),
('1700308', 'BC CS', 'nsu', 'autumn2017'),
('1700309', 'BC CS', 'nsu', 'autumn2017'),
('1700310', 'BC CS', 'nsu', 'autumn2017'),
('1700311', 'BC CS', 'nsu', 'autumn2017'),
('1700312', 'BC CS', 'nsu', 'autumn2017'),
('1700313', 'BC CS', 'nsu', 'autumn2017'),
('1700314', 'BC CS', 'nsu', 'autumn2017'),
('1700315', 'BC CS', 'nsu', 'autumn2017'),
('1700316', 'BC CS', 'nsu', 'autumn2017'),
('1700317', 'BC CS', 'nsu', 'autumn2017'),
('1700318', 'BC CS', 'nsu', 'autumn2017'),
('1700319', 'BC CS', 'nsu', 'autumn2017'),
('1700320', 'BC CS', 'nsu', 'autumn2017'),
('1700321', 'BC CS', 'nsu', 'autumn2017'),
('1700322', 'BC CS', 'nsu', 'autumn2017'),
('1700323', 'BC CS', 'nsu', 'autumn2017'),
('1700324', 'BC CS', 'nsu', 'autumn2017'),
('1700325', 'BC CS', 'nsu', 'autumn2017'),
('1700326', 'BC CS', 'nsu', 'autumn2017'),
('1700327', 'BC CS', 'nsu', 'autumn2017'),
('1700328', 'BC CS', 'nsu', 'autumn2017'),
('1700329', 'BC CS', 'nsu', 'autumn2017'),
('1700330', 'BC CS', 'nsu', 'autumn2017'),
('1700331', 'BC CS', 'nsu', 'autumn2017'),
('1700332', 'BC CS', 'nsu', 'autumn2017'),
('1700333', 'BC CS', 'nsu', 'autumn2017'),
('1700334', 'BC CS', 'nsu', 'autumn2017'),
('1700335', 'BC CS', 'nsu', 'autumn2017'),
('1700336', 'BC CS', 'nsu', 'autumn2017'),
('1700337', 'BC CS', 'nsu', 'autumn2017'),
('1700338', 'BC CS', 'nsu', 'autumn2017'),
('1700339', 'BC CS', 'nsu', 'autumn2017'),
('1700340', 'BC CS', 'nsu', 'autumn2017'),
('1700341', 'BC CS', 'nsu', 'autumn2017'),
('1700342', 'BS Civil', 'nsu', 'autumn2017'),
('1700343', 'BS Civil', 'nsu', 'autumn2017'),
('1700344', 'BS Civil', 'nsu', 'autumn2017'),
('1700345', 'BS Civil', 'nsu', 'autumn2017'),
('1700346', 'BS Civil', 'nsu', 'autumn2017'),
('1700347', 'BS Civil', 'nsu', 'autumn2017'),
('1700348', 'BS Civil', 'nsu', 'autumn2017'),
('1700349', 'BS Civil', 'nsu', 'autumn2017'),
('1700350', 'BS Civil', 'nsu', 'autumn2017'),
('1700351', 'BS Civil', 'nsu', 'autumn2017'),
('1700352', 'BS Civil', 'nsu', 'autumn2017'),
('1700353', 'BS Civil', 'nsu', 'autumn2017'),
('1700354', 'BS Civil', 'nsu', 'autumn2017'),
('1700355', 'BS Civil', 'nsu', 'autumn2017'),
('1700356', 'BS Civil', 'nsu', 'autumn2017'),
('1700357', 'BS Civil', 'nsu', 'autumn2017'),
('1700358', 'BS Civil', 'nsu', 'autumn2017'),
('1700359', 'BS Civil', 'nsu', 'autumn2017'),
('1700360', 'BS Civil', 'nsu', 'autumn2017'),
('1700361', 'BS Civil', 'nsu', 'autumn2017'),
('1700362', 'BS Civil', 'nsu', 'autumn2017'),
('1700363', 'BS Civil', 'nsu', 'autumn2017'),
('1700364', 'BS Civil', 'nsu', 'autumn2017'),
('1700365', 'BS Civil', 'nsu', 'autumn2017'),
('1700366', 'BS Civil', 'nsu', 'autumn2017'),
('1700367', 'BS Civil', 'nsu', 'autumn2017'),
('1700368', 'BS Civil', 'nsu', 'autumn2017'),
('1700369', 'BS Civil', 'nsu', 'autumn2017'),
('1700370', 'BS Civil', 'nsu', 'autumn2017'),
('1700371', 'BS Civil', 'nsu', 'autumn2017'),
('1700372', 'BS Civil', 'nsu', 'autumn2017'),
('1700373', 'BS Civil', 'nsu', 'autumn2017'),
('1700374', 'BS Civil', 'nsu', 'autumn2017'),
('1700375', 'BS Civil', 'nsu', 'autumn2017'),
('1700376', 'BS Civil', 'nsu', 'autumn2017'),
('1700377', 'BS Civil', 'nsu', 'autumn2017'),
('1700378', 'BS Civil', 'nsu', 'autumn2017'),
('1700379', 'BS Civil', 'nsu', 'autumn2017'),
('1700380', 'BS Civil', 'nsu', 'autumn2017'),
('1700381', 'BS Civil', 'nsu', 'autumn2017'),
('1700382', 'BS Civil', 'nsu', 'autumn2017'),
('1700383', 'BS Civil', 'nsu', 'autumn2017'),
('1700384', 'BS Civil', 'nsu', 'autumn2017'),
('1700385', 'BS Civil', 'nsu', 'autumn2017'),
('1700386', 'BS Civil', 'nsu', 'autumn2017'),
('1700387', 'BS Civil', 'nsu', 'autumn2017'),
('1700388', 'BS Civil', 'nsu', 'autumn2017'),
('1700389', 'BS Civil', 'nsu', 'autumn2017'),
('1700390', 'BS Civil', 'nsu', 'autumn2017'),
('1700391', 'BS Civil', 'nsu', 'autumn2017'),
('1700392', 'BS Civil', 'nsu', 'autumn2017'),
('1700393', 'BS Civil', 'nsu', 'autumn2017'),
('1700394', 'BS Civil', 'nsu', 'autumn2017'),
('1700395', 'BS Civil', 'nsu', 'autumn2017'),
('1700396', 'BS Civil', 'nsu', 'autumn2017'),
('1700397', 'BS Civil', 'nsu', 'autumn2017'),
('1700398', 'BS Civil', 'nsu', 'autumn2017'),
('1700399', 'BS Civil', 'nsu', 'autumn2017'),
('1700400', 'BS Civil', 'nsu', 'autumn2017'),
('1700401', 'BS Civil', 'nsu', 'autumn2017'),
('1700402', 'BS Civil', 'nsu', 'autumn2017'),
('1700403', 'BS Civil', 'nsu', 'autumn2017'),
('1700404', 'BS Civil', 'nsu', 'autumn2017'),
('1700405', 'BS Civil', 'nsu', 'autumn2017'),
('1700406', 'BS Civil', 'nsu', 'autumn2017'),
('1700407', 'BS Civil', 'nsu', 'autumn2017'),
('1700408', 'BS Civil', 'nsu', 'autumn2017'),
('1700409', 'BS Civil', 'nsu', 'autumn2017'),
('1700410', 'BS Civil', 'nsu', 'autumn2017'),
('1700411', 'BS Civil', 'nsu', 'autumn2017'),
('1700412', 'BS Civil', 'nsu', 'autumn2017'),
('1700413', 'BS Civil', 'nsu', 'autumn2017'),
('1700414', 'BS Civil', 'nsu', 'autumn2017'),
('1700415', 'BS Civil', 'nsu', 'autumn2017'),
('1700416', 'BS Civil', 'nsu', 'autumn2017'),
('1700417', 'BS Civil', 'nsu', 'autumn2017'),
('1700418', 'BS Civil', 'nsu', 'autumn2017'),
('1700419', 'BS Civil', 'nsu', 'autumn2017'),
('1700420', 'BS Civil', 'nsu', 'autumn2017'),
('1700421', 'BS Civil', 'nsu', 'autumn2017'),
('1700422', 'BS Civil', 'nsu', 'autumn2017'),
('1700423', 'BS Civil', 'nsu', 'autumn2017'),
('1700424', 'BS Civil', 'nsu', 'autumn2017'),
('1700425', 'BS Civil', 'nsu', 'autumn2017'),
('1700426', 'BS Civil', 'nsu', 'autumn2017'),
('1700427', 'BS Civil', 'nsu', 'autumn2017'),
('1700428', 'BS Mic', 'nsu', 'autumn2017'),
('1700429', 'BS Mic', 'nsu', 'autumn2017'),
('1700430', 'BS Mic', 'nsu', 'autumn2017'),
('1700431', 'BS Mic', 'nsu', 'autumn2017'),
('1700432', 'BS Mic', 'nsu', 'autumn2017'),
('1700433', 'BS Mic', 'nsu', 'autumn2017'),
('1700434', 'BS Mic', 'nsu', 'autumn2017'),
('1700435', 'BS Mic', 'nsu', 'autumn2017'),
('1700436', 'BS Mic', 'nsu', 'autumn2017'),
('1700437', 'BS Mic', 'nsu', 'autumn2017'),
('1700438', 'BS Mic', 'nsu', 'autumn2017'),
('1700439', 'BS Mic', 'nsu', 'autumn2017'),
('1700440', 'BS Mic', 'nsu', 'autumn2017'),
('1700441', 'BS Mic', 'nsu', 'autumn2017'),
('1700442', 'BS Mic', 'nsu', 'autumn2017'),
('1700443', 'BS Mic', 'nsu', 'autumn2017'),
('1700444', 'BS Mic', 'nsu', 'autumn2017'),
('1700445', 'BS Mic', 'nsu', 'autumn2017'),
('1700446', 'BS Mic', 'nsu', 'autumn2017'),
('1700447', 'BS Mic', 'nsu', 'autumn2017'),
('1700448', 'BS Mic', 'nsu', 'autumn2017'),
('1700449', 'BS Mic', 'nsu', 'autumn2017'),
('1700450', 'BS Mic', 'nsu', 'autumn2017'),
('1700451', 'BS Mic', 'nsu', 'autumn2017'),
('1700452', 'BS Mic', 'nsu', 'autumn2017'),
('1700453', 'BS Mic', 'nsu', 'autumn2017'),
('1700454', 'BS Mic', 'nsu', 'autumn2017'),
('1700455', 'BS Mic', 'nsu', 'autumn2017'),
('1700456', 'BS Mic', 'nsu', 'autumn2017'),
('1700457', 'BS Mic', 'nsu', 'autumn2017'),
('1700458', 'BS Mic', 'nsu', 'autumn2017'),
('1700459', 'BS Mic', 'nsu', 'autumn2017'),
('1700460', 'BS Mic', 'nsu', 'autumn2017'),
('1700461', 'BS Mic', 'nsu', 'autumn2017'),
('1700462', 'BS Mic', 'nsu', 'autumn2017'),
('1700463', 'BS Mic', 'nsu', 'autumn2017'),
('1700464', 'BS Mic', 'nsu', 'autumn2017'),
('1700465', 'BS Mic', 'nsu', 'autumn2017'),
('1700466', 'BS Mic', 'nsu', 'autumn2017'),
('1700467', 'BS Mic', 'nsu', 'autumn2017'),
('1700468', 'BS Mic', 'nsu', 'autumn2017'),
('1700469', 'BS Mic', 'nsu', 'autumn2017'),
('1700470', 'BS Mic', 'nsu', 'autumn2017'),
('1700471', 'BS Mic', 'nsu', 'autumn2017'),
('1700472', 'BS Mic', 'nsu', 'autumn2017'),
('1700473', 'BS Mic', 'nsu', 'autumn2017'),
('1700474', 'BS Mic', 'nsu', 'autumn2017'),
('1700475', 'BS Mic', 'nsu', 'autumn2017'),
('1700476', 'BS Mic', 'nsu', 'autumn2017'),
('1700477', 'BS Mic', 'nsu', 'autumn2017'),
('1700478', 'BS Mic', 'nsu', 'autumn2017'),
('1700479', 'LLB', 'nsu', 'autumn2017'),
('1700480', 'LLB', 'nsu', 'autumn2017'),
('1700481', 'LLB', 'nsu', 'autumn2017'),
('1700482', 'LLB', 'nsu', 'autumn2017'),
('1700483', 'LLB', 'nsu', 'autumn2017'),
('1700484', 'LLB', 'nsu', 'autumn2017'),
('1700485', 'LLB', 'nsu', 'autumn2017'),
('1700486', 'LLB', 'nsu', 'autumn2017'),
('1700487', 'LLB', 'nsu', 'autumn2017'),
('1700488', 'LLB', 'nsu', 'autumn2017'),
('1700489', 'LLB', 'nsu', 'autumn2017'),
('1700490', 'LLB', 'nsu', 'autumn2017'),
('1700491', 'LLB', 'nsu', 'autumn2017'),
('1700492', 'LLB', 'nsu', 'autumn2017'),
('1700493', 'LLB', 'nsu', 'autumn2017'),
('1700494', 'LLB', 'nsu', 'autumn2017'),
('1700495', 'LLB', 'nsu', 'autumn2017'),
('1700496', 'LLB', 'nsu', 'autumn2017'),
('1700497', 'LLB', 'nsu', 'autumn2017'),
('1700498', 'LLB', 'nsu', 'autumn2017'),
('1700499', 'LLB', 'nsu', 'autumn2017'),
('1700500', 'LLB', 'nsu', 'autumn2017'),
('1700501', 'LLB', 'nsu', 'autumn2017'),
('1700502', 'LLB', 'nsu', 'autumn2017'),
('1700503', 'LLB', 'nsu', 'autumn2017'),
('1700504', 'LLB', 'nsu', 'autumn2017'),
('1700505', 'PHRM_PROF', 'nsu', 'autumn2017'),
('1700506', 'PHRM_PROF', 'nsu', 'autumn2017'),
('1700507', 'PHRM_PROF', 'nsu', 'autumn2017'),
('1700508', 'PHRM_PROF', 'nsu', 'autumn2017'),
('1700509', 'PHRM_PROF', 'nsu', 'autumn2017'),
('1700510', 'PHRM_PROF', 'nsu', 'autumn2017'),
('1700511', 'PHRM_PROF', 'nsu', 'autumn2017'),
('1700512', 'PHRM_PROF', 'nsu', 'autumn2017'),
('1700513', 'PHRM_PROF', 'nsu', 'autumn2017'),
('1700514', 'PHRM_PROF', 'nsu', 'autumn2017'),
('1700515', 'PHRM_PROF', 'nsu', 'autumn2017'),
('2002', 'BS EEE', 'nsu', 'summer2018'),
('2003', 'BBA_FIN', 'nsu', 'summer2018'),
('2005', 'BS CSE', 'nsu', 'summer2018'),
('2006', 'PHRM_PROF', 'nsu', 'summer2018'),
('2007', 'PHRM_PROF', 'nsu', 'summer2018'),
('2008', 'BS EEE', 'nsu', 'summer2018'),
('2009', 'PHRM_PROF', 'nsu', 'summer2018'),
('2010', 'BS CSE', 'nsu', 'summer2018'),
('2013', 'BBA_MKT', 'nsu', 'summer2018'),
('2014', 'PHRM_PROF', 'nsu', 'summer2018'),
('2015', 'BBA_ACT', 'nsu', 'summer2018'),
('2017', 'PHRM_PROF', 'nsu', 'summer2018'),
('2021', 'BS CSE', 'nsu', 'summer2018'),
('2023', 'BS CSE', 'nsu', 'summer2018'),
('2032', 'BS CSE', 'nsu', 'summer2018'),
('2033', 'BS CSE', 'nsu', 'summer2018'),
('2035', 'PHRM_PROF', 'nsu', 'summer2018'),
('2036', 'PHRM_PROF', 'nsu', 'summer2018'),
('2037', 'BA ENG', 'nsu', 'summer2018'),
('2038', 'PHRM_PROF', 'nsu', 'summer2018'),
('2039', 'PHRM_PROF', 'nsu', 'summer2018'),
('2042', 'BS ECO', 'nsu', 'summer2018'),
('2043', 'PHRM_PROF', 'nsu', 'summer2018'),
('2044', 'BS Civil', 'nsu', 'summer2018'),
('2045', 'BS Civil', 'nsu', 'summer2018'),
('2046', 'BBA_FIN', 'nsu', 'summer2018'),
('2049', 'BBA_MKT', 'nsu', 'summer2018'),
('2050', 'BS CSE', 'nsu', 'summer2018'),
('2051', 'BS CSE', 'nsu', 'summer2018'),
('2052', 'LLB', 'nsu', 'summer2018'),
('2053', 'BS CSE', 'nsu', 'summer2018'),
('2058', 'BBA_FIN', 'nsu', 'summer2018'),
('2061', 'BBA General', 'nsu', 'summer2018'),
('2062', 'BBA_MKT', 'nsu', 'summer2018'),
('2063', 'BBA General', 'nsu', 'summer2018'),
('2065', 'BBA General', 'nsu', 'summer2018'),
('2066', 'PHRM_PROF', 'nsu', 'summer2018'),
('2067', 'BS EEE', 'nsu', 'summer2018'),
('2068', 'BS CSE', 'nsu', 'summer2018'),
('2070', 'PHRM_PROF', 'nsu', 'summer2018'),
('2071', 'PHRM_PROF', 'nsu', 'summer2018'),
('2074', 'BS CSE', 'nsu', 'summer2018'),
('2075', 'PHRM_PROF', 'nsu', 'summer2018'),
('2076', 'BBA General', 'nsu', 'summer2018'),
('2077', 'BS CSE', 'nsu', 'summer2018'),
('2080', 'PHRM_PROF', 'nsu', 'summer2018'),
('2081', 'LLB', 'nsu', 'summer2018'),
('2082', 'BBA General', 'nsu', 'summer2018'),
('2085', 'BS CSE', 'nsu', 'summer2018'),
('2087', 'BBA General', 'nsu', 'summer2018'),
('2089', 'BS CSE', 'nsu', 'summer2018'),
('2090', 'BS CSE', 'nsu', 'summer2018'),
('2091', 'BBA_HRM', 'nsu', 'summer2018'),
('2092', 'BBA_MKT', 'nsu', 'summer2018'),
('2093', 'BS CSE', 'nsu', 'summer2018'),
('2094', 'BS Bichem', 'nsu', 'summer2018'),
('2096', 'BS CSE', 'nsu', 'summer2018'),
('2097', 'PHRM_PROF', 'nsu', 'summer2018'),
('2101', 'PHRM_PROF', 'nsu', 'summer2018'),
('2102', 'BS CSE', 'nsu', 'summer2018'),
('2104', 'BS CSE', 'nsu', 'summer2018'),
('2105', 'PHRM_PROF', 'nsu', 'summer2018'),
('2107', 'LLB', 'nsu', 'summer2018'),
('2109', 'BBA_FIN', 'nsu', 'summer2018'),
('2110', 'BBA General', 'nsu', 'summer2018'),
('2115', 'BBA_ACT', 'nsu', 'summer2018'),
('2119', 'BS CSE', 'nsu', 'summer2018'),
('2120', 'BBA_MGT', 'nsu', 'summer2018'),
('2121', 'PHRM_PROF', 'nsu', 'summer2018'),
('2123', 'BBA General', 'nsu', 'summer2018'),
('2124', 'BBA_FIN', 'nsu', 'summer2018'),
('2127', 'BS CSE', 'nsu', 'summer2018'),
('2131', 'BS Mic', 'nsu', 'summer2018'),
('2132', 'BS ECO', 'nsu', 'summer2018'),
('2134', 'BBA General', 'nsu', 'summer2018'),
('2135', 'BBA General', 'nsu', 'summer2018'),
('2136', 'PHRM_PROF', 'nsu', 'summer2018'),
('2138', 'BS Civil', 'nsu', 'summer2018'),
('2140', 'BS CSE', 'nsu', 'summer2018'),
('2141', 'BBA_FIN', 'nsu', 'summer2018'),
('2142', 'BS CSE', 'nsu', 'summer2018'),
('2143', 'BS ENV MGT', 'nsu', 'summer2018'),
('2145', 'BS Civil', 'nsu', 'summer2018'),
('2146', 'BBA General', 'nsu', 'summer2018'),
('2148', 'BBA General', 'nsu', 'summer2018'),
('2149', 'BS CSE', 'nsu', 'summer2018'),
('2150', 'BBA General', 'nsu', 'summer2018'),
('2151', 'BBA General', 'nsu', 'summer2018'),
('2152', 'PHRM_PROF', 'nsu', 'summer2018'),
('2153', 'BBA_FIN', 'nsu', 'summer2018'),
('2155', 'BS CSE', 'nsu', 'summer2018'),
('2156', 'BBA_FIN', 'nsu', 'summer2018'),
('2158', 'PHRM_PROF', 'nsu', 'summer2018'),
('2161', 'BS EEE', 'nsu', 'summer2018'),
('2162', 'BS CSE', 'nsu', 'summer2018'),
('2163', 'BS CSE', 'nsu', 'summer2018'),
('2164', 'BBA_FIN', 'nsu', 'summer2018'),
('2167', 'BS EEE', 'nsu', 'summer2018'),
('2168', 'BS ENV SCI', 'nsu', 'summer2018'),
('2170', 'BBA_FIN', 'nsu', 'summer2018'),
('2171', 'BBA_IB', 'nsu', 'summer2018'),
('2172', 'BBA_IB', 'nsu', 'summer2018'),
('2173', 'BBA General', 'nsu', 'summer2018'),
('2176', 'PHRM_PROF', 'nsu', 'summer2018'),
('2177', 'BBA_MKT', 'nsu', 'summer2018'),
('2178', 'BS CSE', 'nsu', 'summer2018'),
('2179', 'PHRM_PROF', 'nsu', 'summer2018'),
('2180', 'LLB', 'nsu', 'summer2018'),
('2181', 'BS CSE', 'nsu', 'summer2018'),
('2183', 'BBA_FIN', 'nsu', 'summer2018'),
('2185', 'BBA General', 'nsu', 'summer2018'),
('2186', 'BBA General', 'nsu', 'summer2018'),
('2188', 'BS Mic', 'nsu', 'summer2018'),
('2189', 'PHRM_PROF', 'nsu', 'summer2018'),
('2190', 'BBA General', 'nsu', 'summer2018'),
('2191', 'BS CSE', 'nsu', 'summer2018'),
('2194', 'BS ENV SCI', 'nsu', 'summer2018'),
('2196', 'BS CSE', 'nsu', 'summer2018'),
('2198', 'BBA General', 'nsu', 'summer2018'),
('2199', 'BS ENV MGT', 'nsu', 'summer2018'),
('2202', 'BA ENG', 'nsu', 'summer2018'),
('2203', 'BS Mic', 'nsu', 'summer2018'),
('2204', 'PHRM_PROF', 'nsu', 'summer2018'),
('2205', 'BA ENG', 'nsu', 'summer2018'),
('2207', 'PHRM_PROF', 'nsu', 'summer2018'),
('2208', 'BBA General', 'nsu', 'summer2018'),
('2209', 'BBA_MKT', 'nsu', 'summer2018'),
('2212', 'BS CSE', 'nsu', 'summer2018'),
('2214', 'BS CSE', 'nsu', 'summer2018'),
('2215', 'BBA_ECO', 'nsu', 'summer2018'),
('2216', 'BS CSE', 'nsu', 'summer2018'),
('2223', 'BS CSE', 'nsu', 'summer2018'),
('2224', 'PHRM_PROF', 'nsu', 'summer2018'),
('2225', 'BBA_MKT', 'nsu', 'summer2018'),
('2228', 'BBA_MGT', 'nsu', 'summer2018'),
('2229', 'BBA_FIN', 'nsu', 'summer2018'),
('2230', 'BBA_FIN', 'nsu', 'summer2018'),
('2231', 'BBA_MKT', 'nsu', 'summer2018'),
('2232', 'BS EEE', 'nsu', 'summer2018'),
('2234', 'PHRM_PROF', 'nsu', 'summer2018'),
('2235', 'BBA General', 'nsu', 'summer2018'),
('2236', 'BBA_FIN', 'nsu', 'summer2018'),
('2237', 'BBA_ACT', 'nsu', 'summer2018'),
('2239', 'BBA General', 'nsu', 'summer2018'),
('2240', 'BS Mic', 'nsu', 'summer2018'),
('2243', 'PHRM_PROF', 'nsu', 'summer2018'),
('2244', 'BS CSE', 'nsu', 'summer2018'),
('2245', 'BBA General', 'nsu', 'summer2018'),
('2248', 'BS CSE', 'nsu', 'summer2018'),
('2249', 'BBA_FIN', 'nsu', 'summer2018'),
('2250', 'PHRM_PROF', 'nsu', 'summer2018'),
('2251', 'BS CSE', 'nsu', 'summer2018'),
('2255', 'BS EEE', 'nsu', 'summer2018'),
('2256', 'BBA General', 'nsu', 'summer2018'),
('2259', 'BS EEE', 'nsu', 'summer2018'),
('2260', 'BS CSE', 'nsu', 'summer2018'),
('2261', 'BS ECO', 'nsu', 'summer2018'),
('2263', 'BBA General', 'nsu', 'summer2018'),
('2264', 'BS Civil', 'nsu', 'summer2018'),
('2265', 'BS CSE', 'nsu', 'summer2018'),
('2266', 'BA ENG', 'nsu', 'summer2018'),
('2277', 'PHRM_PROF', 'nsu', 'summer2018'),
('2278', 'BS ENV SCI', 'nsu', 'summer2018'),
('2282', 'BS CSE', 'nsu', 'summer2018'),
('2284', 'PHRM_PROF', 'nsu', 'summer2018'),
('2287', 'BA ENG', 'nsu', 'summer2018'),
('2290', 'BBA General', 'nsu', 'summer2018'),
('2292', 'BBA General', 'nsu', 'summer2018'),
('2293', 'BS ENV SCI', 'nsu', 'summer2018'),
('2297', 'BS CSE', 'nsu', 'summer2018'),
('2299', 'BBA General', 'nsu', 'summer2018'),
('2302', 'BBA General', 'nsu', 'summer2018'),
('2305', 'BBA_FIN', 'nsu', 'summer2018'),
('2306', 'BBA General', 'nsu', 'summer2018'),
('2309', 'BS CSE', 'nsu', 'summer2018'),
('2310', 'BS CSE', 'nsu', 'summer2018'),
('2311', 'BS CSE', 'nsu', 'summer2018'),
('2313', 'LLB', 'nsu', 'summer2018'),
('2315', 'BBA_MKT', 'nsu', 'summer2018'),
('2318', 'BBA_ACT', 'nsu', 'summer2018'),
('2319', 'BBA General', 'nsu', 'summer2018'),
('2321', 'BS Bichem', 'nsu', 'summer2018'),
('2322', 'BS CSE', 'nsu', 'summer2018'),
('2323', 'BBA General', 'nsu', 'summer2018'),
('2328', 'BA ENG', 'nsu', 'summer2018'),
('2331', 'BS CSE', 'nsu', 'summer2018'),
('2338', 'BS EEE', 'nsu', 'summer2018'),
('2339', 'BBA_ENT', 'nsu', 'summer2018'),
('2340', 'BS CSE', 'nsu', 'summer2018'),
('2343', 'PHRM_PROF', 'nsu', 'summer2018'),
('2344', 'BBA General', 'nsu', 'summer2018'),
('2346', 'BBA General', 'nsu', 'summer2018'),
('2347', 'BA ENG', 'nsu', 'summer2018'),
('2348', 'BBA_HRM', 'nsu', 'summer2018'),
('2350', 'BBA_IB', 'nsu', 'summer2018'),
('2354', 'BS CSE', 'nsu', 'summer2018'),
('2355', 'BBA General', 'nsu', 'summer2018'),
('2357', 'BA ENG', 'nsu', 'summer2018'),
('2358', 'BS CSE', 'nsu', 'summer2018'),
('2359', 'BS CSE', 'nsu', 'summer2018'),
('2363', 'BS CSE', 'nsu', 'summer2018'),
('2364', 'LLB', 'nsu', 'summer2018'),
('2366', 'BBA_ACT', 'nsu', 'summer2018'),
('2367', 'BS CSE', 'nsu', 'summer2018'),
('2369', 'BS ETE', 'nsu', 'summer2018'),
('2372', 'BBA_FIN', 'nsu', 'summer2018'),
('2375', 'BBA General', 'nsu', 'summer2018'),
('2376', 'PHRM_PROF', 'nsu', 'summer2018'),
('2377', 'BBA General', 'nsu', 'summer2018'),
('2378', 'BBA General', 'nsu', 'summer2018'),
('2379', 'BS CSE', 'nsu', 'summer2018'),
('2380', 'BS CSE', 'nsu', 'summer2018'),
('2381', 'PHRM_PROF', 'nsu', 'summer2018'),
('2384', 'BS CSE', 'nsu', 'summer2018'),
('2386', 'PHRM_PROF', 'nsu', 'summer2018'),
('2387', 'BBA_IB', 'nsu', 'summer2018'),
('2390', 'BBA General', 'nsu', 'summer2018'),
('2393', 'BBA_FIN', 'nsu', 'summer2018'),
('2394', 'PHRM_PROF', 'nsu', 'summer2018'),
('2395', 'BBA_FIN', 'nsu', 'summer2018'),
('2396', 'BS CSE', 'nsu', 'summer2018'),
('2398', 'BBA_ECO', 'nsu', 'summer2018'),
('2399', 'PHRM_PROF', 'nsu', 'summer2018'),
('2400', 'PHRM_PROF', 'nsu', 'summer2018'),
('2403', 'BBA General', 'nsu', 'summer2018'),
('2405', 'BBA General', 'nsu', 'summer2018'),
('2407', 'PHRM_PROF', 'nsu', 'summer2018'),
('2410', 'PHRM_PROF', 'nsu', 'summer2018'),
('2414', 'BBA_MKT', 'nsu', 'summer2018'),
('2415', 'BS CSE', 'nsu', 'summer2018'),
('2417', 'BS CSE', 'nsu', 'summer2018'),
('2422', 'BBA_MKT', 'nsu', 'summer2018'),
('2425', 'BS EEE', 'nsu', 'summer2018'),
('2426', 'PHRM_PROF', 'nsu', 'summer2018'),
('2427', 'BBA_IB', 'nsu', 'summer2018'),
('2428', 'BS EEE', 'nsu', 'summer2018'),
('2430', 'BBA General', 'nsu', 'summer2018'),
('2431', 'BBA General', 'nsu', 'summer2018'),
('2432', 'BS CSE', 'nsu', 'summer2018'),
('2434', 'BBA_ACT', 'nsu', 'summer2018'),
('2435', 'BS CSE', 'nsu', 'summer2018'),
('2437', 'BS Bichem', 'nsu', 'summer2018'),
('2439', 'PHRM_PROF', 'nsu', 'summer2018'),
('2440', 'BS Bichem', 'nsu', 'summer2018'),
('2441', 'BBA_MKT', 'nsu', 'summer2018'),
('2442', 'PHRM_PROF', 'nsu', 'summer2018'),
('2443', 'PHRM_PROF', 'nsu', 'summer2018'),
('2445', 'BBA_FIN', 'nsu', 'summer2018'),
('2446', 'BS CSE', 'nsu', 'summer2018'),
('2447', 'BBA_MKT', 'nsu', 'summer2018'),
('2448', 'BA ENG', 'nsu', 'summer2018'),
('2449', 'BS Civil', 'nsu', 'summer2018'),
('2452', 'BS CSE', 'nsu', 'summer2018'),
('2454', 'BS EEE', 'nsu', 'summer2018'),
('2457', 'PHRM_PROF', 'nsu', 'summer2018'),
('2459', 'BS CSE', 'nsu', 'summer2018'),
('2462', 'BS Civil', 'nsu', 'summer2018'),
('2463', 'BS CSE', 'nsu', 'summer2018'),
('2464', 'BS CSE', 'nsu', 'summer2018'),
('2465', 'BS CSE', 'nsu', 'summer2018'),
('2466', 'BBA_FIN', 'nsu', 'summer2018'),
('2470', 'BS CSE', 'nsu', 'summer2018'),
('2471', 'BS Mic', 'nsu', 'summer2018'),
('2472', 'BS CSE', 'nsu', 'summer2018'),
('2474', 'PHRM_PROF', 'nsu', 'summer2018'),
('2482', 'BBA_IB', 'nsu', 'summer2018'),
('2483', 'BS CSE', 'nsu', 'summer2018'),
('2484', 'BS CSE', 'nsu', 'summer2018'),
('2488', 'BBA_MKT', 'nsu', 'summer2018'),
('2489', 'BA ENG', 'nsu', 'summer2018'),
('2492', 'BBA_FIN', 'nsu', 'summer2018'),
('2493', 'PHRM_PROF', 'nsu', 'summer2018'),
('2497', 'BA ENG', 'nsu', 'summer2018'),
('2498', 'BS CSE', 'nsu', 'summer2018'),
('2499', 'BA ENG', 'nsu', 'summer2018'),
('2500', 'BS CSE', 'nsu', 'summer2018'),
('2502', 'PHRM_PROF', 'nsu', 'summer2018'),
('2503', 'BBA General', 'nsu', 'summer2018'),
('2505', 'BS Mic', 'nsu', 'summer2018'),
('2507', 'BBA_HRM', 'nsu', 'summer2018'),
('2508', 'BS CSE', 'nsu', 'summer2018'),
('2513', 'BBA General', 'nsu', 'summer2018'),
('2515', 'BBA_FIN', 'nsu', 'summer2018'),
('2516', 'BBA General', 'nsu', 'summer2018'),
('2518', 'BS Mic', 'nsu', 'summer2018'),
('2519', 'BS CSE', 'nsu', 'summer2018'),
('2520', 'BBA_HRM', 'nsu', 'summer2018'),
('2521', 'PHRM_PROF', 'nsu', 'summer2018'),
('2522', 'BS CSE', 'nsu', 'summer2018'),
('2524', 'BS CSE', 'nsu', 'summer2018'),
('2526', 'BBA_MGT', 'nsu', 'summer2018'),
('2527', 'BS EEE', 'nsu', 'summer2018'),
('2529', 'BS CSE', 'nsu', 'summer2018'),
('2530', 'PHRM_PROF', 'nsu', 'summer2018'),
('2535', 'PHRM_PROF', 'nsu', 'summer2018'),
('2536', 'BBA_MKT', 'nsu', 'summer2018'),
('2537', 'BBA General', 'nsu', 'summer2018'),
('2540', 'BBA_MKT', 'nsu', 'summer2018'),
('2541', 'LLB', 'nsu', 'summer2018'),
('2542', 'PHRM_PROF', 'nsu', 'summer2018'),
('2544', 'PHRM_PROF', 'nsu', 'summer2018'),
('2545', 'BA ENG', 'nsu', 'summer2018'),
('2547', 'BBA_FIN', 'nsu', 'summer2018'),
('2548', 'BBA General', 'nsu', 'summer2018'),
('2549', 'BBA_IB', 'nsu', 'summer2018'),
('2550', 'BS Civil', 'nsu', 'summer2018'),
('2553', 'BS CSE', 'nsu', 'summer2018'),
('2554', 'PHRM_PROF', 'nsu', 'summer2018'),
('2557', 'BA ENG', 'nsu', 'summer2018'),
('2558', 'BBA_ACT', 'nsu', 'summer2018'),
('2559', 'BBA_ACT', 'nsu', 'summer2018'),
('2560', 'BBA_ACT', 'nsu', 'summer2018'),
('2561', 'BBA General', 'nsu', 'summer2018'),
('2564', 'BBA_ACT', 'nsu', 'summer2018'),
('2565', 'LLB', 'nsu', 'summer2018'),
('2566', 'PHRM_PROF', 'nsu', 'summer2018'),
('2573', 'BBA_MKT', 'nsu', 'summer2018'),
('2574', 'BS CSE', 'nsu', 'summer2018'),
('2575', 'BBA_HRM', 'nsu', 'summer2018'),
('2577', 'PHRM_PROF', 'nsu', 'summer2018'),
('2578', 'PHRM_PROF', 'nsu', 'summer2018'),
('2580', 'BS CSE', 'nsu', 'summer2018'),
('2581', 'LLB', 'nsu', 'summer2018'),
('2582', 'BBA General', 'nsu', 'summer2018'),
('2585', 'BS CSE', 'nsu', 'summer2018'),
('2586', 'BS CSE', 'nsu', 'summer2018'),
('2587', 'BBA_ACT', 'nsu', 'summer2018'),
('2589', 'PHRM_PROF', 'nsu', 'summer2018'),
('2591', 'PHRM_PROF', 'nsu', 'summer2018'),
('2592', 'BS CSE', 'nsu', 'summer2018'),
('2593', 'BBA_MKT', 'nsu', 'summer2018'),
('2594', 'BBA_MKT', 'nsu', 'summer2018'),
('2599', 'BS EEE', 'nsu', 'summer2018'),
('2600', 'BS EEE', 'nsu', 'summer2018'),
('2601', 'BBA General', 'nsu', 'summer2018'),
('2604', 'BS CSE', 'nsu', 'summer2018'),
('2607', 'BBA_MKT', 'nsu', 'summer2018'),
('2609', 'LLB', 'nsu', 'summer2018'),
('2611', 'BS CSE', 'nsu', 'summer2018'),
('2612', 'BS Mic', 'nsu', 'summer2018'),
('2614', 'BBA General', 'nsu', 'summer2018'),
('2616', 'BBA General', 'nsu', 'summer2018'),
('2617', 'BS CSE', 'nsu', 'summer2018'),
('2620', 'BBA General', 'nsu', 'summer2018'),
('2622', 'BS Bichem', 'nsu', 'summer2018'),
('2623', 'PHRM_PROF', 'nsu', 'summer2018'),
('2624', 'BS CSE', 'nsu', 'summer2018'),
('2626', 'BS ECO', 'nsu', 'summer2018'),
('2627', 'BBA General', 'nsu', 'summer2018'),
('2628', 'BS CSE', 'nsu', 'summer2018'),
('2629', 'PHRM_PROF', 'nsu', 'summer2018'),
('2634', 'BBA General', 'nsu', 'summer2018'),
('2635', 'BS CSE', 'nsu', 'summer2018'),
('2638', 'BBA_MKT', 'nsu', 'summer2018'),
('2639', 'PHRM_PROF', 'nsu', 'summer2018'),
('2640', 'PHRM_PROF', 'nsu', 'summer2018'),
('2641', 'BBA_FIN', 'nsu', 'summer2018'),
('2644', 'BBA General', 'nsu', 'summer2018'),
('2646', 'BBA General', 'nsu', 'summer2018'),
('2649', 'BS CSE', 'nsu', 'summer2018'),
('2651', 'BS EEE', 'nsu', 'summer2018'),
('2652', 'BS CSE', 'nsu', 'summer2018'),
('2653', 'PHRM_PROF', 'nsu', 'summer2018'),
('2655', 'BBA General', 'nsu', 'summer2018'),
('2656', 'BS CSE', 'nsu', 'summer2018'),
('2658', 'PHRM_PROF', 'nsu', 'summer2018'),
('2659', 'BBA_MKT', 'nsu', 'summer2018'),
('2660', 'BS Bichem', 'nsu', 'summer2018'),
('2663', 'BBA_ACT', 'nsu', 'summer2018'),
('2665', 'BS CSE', 'nsu', 'summer2018'),
('2666', 'BS CSE', 'nsu', 'summer2018'),
('2668', 'BBA General', 'nsu', 'summer2018'),
('2669', 'PHRM_PROF', 'nsu', 'summer2018'),
('2671', 'BBA_FIN', 'nsu', 'summer2018'),
('2672', 'BBA General', 'nsu', 'summer2018'),
('2674', 'BS CSE', 'nsu', 'summer2018'),
('2675', 'PHRM_PROF', 'nsu', 'summer2018'),
('2682', 'PHRM_PROF', 'nsu', 'summer2018'),
('2683', 'BBA_MKT', 'nsu', 'summer2018'),
('2684', 'LLB', 'nsu', 'summer2018'),
('2685', 'BS CSE', 'nsu', 'summer2018'),
('2686', 'BS CSE', 'nsu', 'summer2018'),
('2687', 'BS CSE', 'nsu', 'summer2018'),
('2688', 'BS CSE', 'nsu', 'summer2018'),
('2689', 'PHRM_PROF', 'nsu', 'summer2018'),
('2690', 'PHRM_PROF', 'nsu', 'summer2018'),
('2691', 'BS CSE', 'nsu', 'summer2018'),
('2692', 'PHRM_PROF', 'nsu', 'summer2018'),
('2693', 'PHRM_PROF', 'nsu', 'summer2018'),
('2694', 'BS CSE', 'nsu', 'summer2018'),
('2695', 'BBA_HRM', 'nsu', 'summer2018'),
('2697', 'LLB', 'nsu', 'summer2018'),
('2698', 'BS CSE', 'nsu', 'summer2018'),
('2699', 'BS CSE', 'nsu', 'summer2018'),
('2700', 'BBA General', 'nsu', 'summer2018'),
('2701', 'BS CSE', 'nsu', 'summer2018'),
('2702', 'BA ENG', 'nsu', 'summer2018'),
('2704', 'BBA_FIN', 'nsu', 'summer2018'),
('2705', 'BS CSE', 'nsu', 'summer2018'),
('2706', 'BBA General', 'nsu', 'summer2018'),
('2707', 'BS CSE', 'nsu', 'summer2018'),
('2708', 'BS CSE', 'nsu', 'summer2018'),
('2709', 'BBA General', 'nsu', 'summer2018'),
('2713', 'BS CSE', 'nsu', 'summer2018'),
('2714', 'PHRM_PROF', 'nsu', 'summer2018'),
('2715', 'BS Mic', 'nsu', 'summer2018'),
('2716', 'BS CSE', 'nsu', 'summer2018'),
('2717', 'PHRM_PROF', 'nsu', 'summer2018'),
('2719', 'BBA General', 'nsu', 'summer2018'),
('2720', 'BBA General', 'nsu', 'summer2018'),
('2721', 'BBA General', 'nsu', 'summer2018'),
('2722', 'LLB', 'nsu', 'summer2018'),
('2723', 'BBA_HRM', 'nsu', 'summer2018'),
('2724', 'BBA General', 'nsu', 'summer2018'),
('2725', 'BBA General', 'nsu', 'summer2018'),
('2726', 'BS CSE', 'nsu', 'summer2018'),
('2727', 'BBA_FIN', 'nsu', 'summer2018'),
('2728', 'BS CSE', 'nsu', 'summer2018'),
('2729', 'PHRM_PROF', 'nsu', 'summer2018'),
('2731', 'BBA General', 'nsu', 'summer2018'),
('2732', 'LLB', 'nsu', 'summer2018'),
('2733', 'BBA General', 'nsu', 'summer2018'),
('2735', 'BBA General', 'nsu', 'summer2018'),
('2736', 'BS CSE', 'nsu', 'summer2018'),
('2737', 'BBA General', 'nsu', 'summer2018'),
('2738', 'BBA_FIN', 'nsu', 'summer2018'),
('2741', 'BA ENG', 'nsu', 'summer2018'),
('2744', 'BBA_MKT', 'nsu', 'summer2018'),
('2747', 'BS CSE', 'nsu', 'summer2018'),
('2749', 'BBA_MKT', 'nsu', 'summer2018'),
('2750', 'BS Mic', 'nsu', 'summer2018'),
('2751', 'BS CSE', 'nsu', 'summer2018'),
('2752', 'PHRM_PROF', 'nsu', 'summer2018'),
('2753', 'BBA_FIN', 'nsu', 'summer2018'),
('2754', 'BBA General', 'nsu', 'summer2018'),
('2755', 'BBA_FIN', 'nsu', 'summer2018'),
('2756', 'PHRM_PROF', 'nsu', 'summer2018'),
('2757', 'BS CSE', 'nsu', 'summer2018'),
('2758', 'BBA_MKT', 'nsu', 'summer2018'),
('2760', 'PHRM_PROF', 'nsu', 'summer2018'),
('2761', 'BBA_FIN', 'nsu', 'summer2018'),
('2762', 'BBA General', 'nsu', 'summer2018'),
('2765', 'BBA_FIN', 'nsu', 'summer2018'),
('2767', 'BS CSE', 'nsu', 'summer2018'),
('2769', 'BS CSE', 'nsu', 'summer2018'),
('2770', 'BS CSE', 'nsu', 'summer2018'),
('2772', 'BS EEE', 'nsu', 'summer2018'),
('2773', 'BBA General', 'nsu', 'summer2018'),
('2777', 'BS CSE', 'nsu', 'summer2018'),
('2778', 'BS CSE', 'nsu', 'summer2018'),
('2779', 'BS Civil', 'nsu', 'summer2018'),
('2780', 'BBA General', 'nsu', 'summer2018'),
('2782', 'BBA General', 'nsu', 'summer2018'),
('2783', 'BBA_FIN', 'nsu', 'summer2018'),
('2784', 'BBA General', 'nsu', 'summer2018'),
('2786', 'BBA_ECO', 'nsu', 'summer2018'),
('2787', 'BA ENG', 'nsu', 'summer2018'),
('2788', 'PHRM_PROF', 'nsu', 'summer2018'),
('2792', 'BS CSE', 'nsu', 'summer2018'),
('2793', 'BBA_MKT', 'nsu', 'summer2018'),
('2794', 'BS CSE', 'nsu', 'summer2018'),
('2795', 'BS CSE', 'nsu', 'summer2018'),
('2797', 'BBA_ECO', 'nsu', 'summer2018'),
('2801', 'BS Civil', 'nsu', 'summer2018'),
('2804', 'BBA General', 'nsu', 'summer2018'),
('2806', 'BBA General', 'nsu', 'summer2018'),
('2808', 'BS ECO', 'nsu', 'summer2018'),
('2810', 'BS ECO', 'nsu', 'summer2018'),
('2811', 'BBA_ACT', 'nsu', 'summer2018'),
('2812', 'BBA_MKT', 'nsu', 'summer2018'),
('2813', 'PHRM_PROF', 'nsu', 'summer2018'),
('2814', 'PHRM_PROF', 'nsu', 'summer2018'),
('2817', 'BS CSE', 'nsu', 'summer2018'),
('2818', 'BBA_MKT', 'nsu', 'summer2018'),
('2819', 'PHRM_PROF', 'nsu', 'summer2018'),
('2820', 'BBA General', 'nsu', 'summer2018'),
('2821', 'LLB', 'nsu', 'summer2018'),
('2822', 'BS ETE', 'nsu', 'summer2018'),
('2823', 'BBA General', 'nsu', 'summer2018'),
('2824', 'BBA General', 'nsu', 'summer2018'),
('2825', 'BBA_MKT', 'nsu', 'summer2018'),
('2827', 'BS Civil', 'nsu', 'summer2018'),
('2828', 'LLB', 'nsu', 'summer2018'),
('2829', 'BS Bichem', 'nsu', 'summer2018'),
('2830', 'PHRM_PROF', 'nsu', 'summer2018'),
('2831', 'BBA_FIN', 'nsu', 'summer2018'),
('2832', 'PHRM_PROF', 'nsu', 'summer2018'),
('2834', 'BS CSE', 'nsu', 'summer2018'),
('2838', 'BS CSE', 'nsu', 'summer2018'),
('2839', 'PHRM_PROF', 'nsu', 'summer2018'),
('2840', 'BA ENG', 'nsu', 'summer2018'),
('2841', 'BS Mic', 'nsu', 'summer2018'),
('2842', 'BS CSE', 'nsu', 'summer2018'),
('2845', 'BS CSE', 'nsu', 'summer2018'),
('2846', 'PHRM_PROF', 'nsu', 'summer2018'),
('2848', 'BBA_MKT', 'nsu', 'summer2018'),
('2849', 'BS CSE', 'nsu', 'summer2018'),
('2853', 'BBA_ACT', 'nsu', 'summer2018'),
('2854', 'PHRM_PROF', 'nsu', 'summer2018'),
('2857', 'BBA General', 'nsu', 'summer2018'),
('2858', 'BS CSE', 'nsu', 'summer2018'),
('2859', 'BS CSE', 'nsu', 'summer2018'),
('2860', 'BBA_ECO', 'nsu', 'summer2018'),
('2863', 'PHRM_PROF', 'nsu', 'summer2018'),
('2864', 'BA ENG', 'nsu', 'summer2018'),
('2865', 'BBA_IB', 'nsu', 'summer2018'),
('2867', 'BBA_IB', 'nsu', 'summer2018'),
('2869', 'BS Mic', 'nsu', 'summer2018'),
('2870', 'BS CSE', 'nsu', 'summer2018'),
('2871', 'BS CSE', 'nsu', 'summer2018'),
('2872', 'BS Bichem', 'nsu', 'summer2018'),
('2874', 'BBA_ENT', 'nsu', 'summer2018'),
('2875', 'BBA General', 'nsu', 'summer2018'),
('2879', 'BBA General', 'nsu', 'summer2018'),
('2880', 'BS CSE', 'nsu', 'summer2018'),
('2881', 'BA ENG', 'nsu', 'summer2018'),
('2884', 'BS ECO', 'nsu', 'summer2018'),
('2886', 'BS ENV MGT', 'nsu', 'summer2018'),
('2887', 'BBA_FIN', 'nsu', 'summer2018'),
('2891', 'PHRM_PROF', 'nsu', 'summer2018'),
('2893', 'BBA General', 'nsu', 'summer2018'),
('2894', 'BBA General', 'nsu', 'summer2018'),
('2895', 'BS ENV MGT', 'nsu', 'summer2018'),
('2897', 'BBA General', 'nsu', 'summer2018'),
('2900', 'BBA General', 'nsu', 'summer2018'),
('2902', 'BS CSE', 'nsu', 'summer2018'),
('2903', 'BBA_ACT', 'nsu', 'summer2018'),
('2904', 'BBA General', 'nsu', 'summer2018'),
('2905', 'BBA General', 'nsu', 'summer2018'),
('2907', 'BBA_ACT', 'nsu', 'summer2018'),
('2910', 'BS Civil', 'nsu', 'summer2018'),
('2911', 'BBA General', 'nsu', 'summer2018'),
('2912', 'PHRM_PROF', 'nsu', 'summer2018'),
('2915', 'BS CSE', 'nsu', 'summer2018'),
('2916', 'BS ETE', 'nsu', 'summer2018'),
('2917', 'BBA_FIN', 'nsu', 'summer2018'),
('2918', 'BBA_MKT', 'nsu', 'summer2018'),
('2920', 'BA ENG', 'nsu', 'summer2018'),
('2921', 'BA ENG', 'nsu', 'summer2018'),
('2922', 'BS CSE', 'nsu', 'summer2018'),
('2924', 'BBA_FIN', 'nsu', 'summer2018'),
('2925', 'PHRM_PROF', 'nsu', 'summer2018'),
('2927', 'BS CSE', 'nsu', 'summer2018'),
('2928', 'BA ENG', 'nsu', 'summer2018'),
('2929', 'BS CSE', 'nsu', 'summer2018'),
('2931', 'BS CSE', 'nsu', 'summer2018'),
('2933', 'BS CSE', 'nsu', 'summer2018'),
('2934', 'BBA General', 'nsu', 'summer2018'),
('2936', 'PHRM_PROF', 'nsu', 'summer2018'),
('2938', 'PHRM_PROF', 'nsu', 'summer2018'),
('2939', 'BBA_MKT', 'nsu', 'summer2018'),
('2940', 'BS CSE', 'nsu', 'summer2018'),
('2941', 'PHRM_PROF', 'nsu', 'summer2018'),
('2942', 'BBA General', 'nsu', 'summer2018'),
('2943', 'BS CSE', 'nsu', 'summer2018'),
('2944', 'BBA_FIN', 'nsu', 'summer2018'),
('2945', 'BBA General', 'nsu', 'summer2018'),
('2946', 'BBA General', 'nsu', 'summer2018'),
('2948', 'BA ENG', 'nsu', 'summer2018'),
('2950', 'BBA General', 'nsu', 'summer2018'),
('2951', 'BS ENV SCI', 'nsu', 'summer2018'),
('2953', 'PHRM_PROF', 'nsu', 'summer2018'),
('2954', 'BS EEE', 'nsu', 'summer2018'),
('2956', 'BBA General', 'nsu', 'summer2018'),
('2957', 'BS CSE', 'nsu', 'summer2018'),
('2964', 'BS CSE', 'nsu', 'summer2018'),
('2966', 'BS CSE', 'nsu', 'summer2018'),
('2968', 'BS CSE', 'nsu', 'summer2018'),
('2970', 'PHRM_PROF', 'nsu', 'summer2018'),
('2971', 'BBA_HRM', 'nsu', 'summer2018'),
('2972', 'BBA_ACT', 'nsu', 'summer2018'),
('2973', 'BS CSE', 'nsu', 'summer2018'),
('2974', 'BS CSE', 'nsu', 'summer2018'),
('2975', 'BBA_FIN', 'nsu', 'summer2018'),
('2976', 'BS CSE', 'nsu', 'summer2018'),
('2977', 'BBA_ACT', 'nsu', 'summer2018'),
('2978', 'BS CSE', 'nsu', 'summer2018'),
('2979', 'BBA General', 'nsu', 'summer2018'),
('2980', 'BBA_ECO', 'nsu', 'summer2018'),
('2981', 'BS CSE', 'nsu', 'summer2018'),
('2982', 'BBA_MKT', 'nsu', 'summer2018'),
('2984', 'BBA_MKT', 'nsu', 'summer2018'),
('2986', 'BBA_FIN', 'nsu', 'summer2018'),
('2987', 'BBA_FIN', 'nsu', 'summer2018'),
('2988', 'BBA General', 'nsu', 'summer2018'),
('2989', 'BS Civil', 'nsu', 'summer2018'),
('2990', 'BS CSE', 'nsu', 'summer2018'),
('2992', 'BA ENG', 'nsu', 'summer2018'),
('2993', 'BS ETE', 'nsu', 'summer2018'),
('2994', 'BBA_MKT', 'nsu', 'summer2018'),
('2995', 'BS CSE', 'nsu', 'summer2018'),
('2998', 'BBA_MKT', 'nsu', 'summer2018'),
('2999', 'BS CSE', 'nsu', 'summer2018'),
('3000', 'BBA General', 'nsu', 'summer2018'),
('3001', 'BS CSE', 'nsu', 'summer2018'),
('3002', 'BS CSE', 'nsu', 'summer2018'),
('3004', 'BBA General', 'nsu', 'summer2018'),
('3005', 'BS Mic', 'nsu', 'summer2018'),
('3009', 'BS CSE', 'nsu', 'summer2018'),
('3010', 'PHRM_PROF', 'nsu', 'summer2018'),
('3011', 'BBA General', 'nsu', 'summer2018'),
('3012', 'BS CSE', 'nsu', 'summer2018'),
('3015', 'BS CSE', 'nsu', 'summer2018'),
('3017', 'BBA_MKT', 'nsu', 'summer2018'),
('3018', 'PHRM_PROF', 'nsu', 'summer2018'),
('3019', 'PHRM_PROF', 'nsu', 'summer2018'),
('3021', 'PHRM_PROF', 'nsu', 'summer2018'),
('3022', 'PHRM_PROF', 'nsu', 'summer2018'),
('3023', 'PHRM_PROF', 'nsu', 'summer2018'),
('3025', 'PHRM_PROF', 'nsu', 'summer2018'),
('3027', 'BS EEE', 'nsu', 'summer2018'),
('3030', 'BS CSE', 'nsu', 'summer2018'),
('3031', 'PHRM_PROF', 'nsu', 'summer2018'),
('3032', 'BS Civil', 'nsu', 'summer2018'),
('3033', 'BS EEE', 'nsu', 'summer2018'),
('3034', 'PHRM_PROF', 'nsu', 'summer2018'),
('3035', 'BS CSE', 'nsu', 'summer2018'),
('3036', 'BS CSE', 'nsu', 'summer2018'),
('3037', 'PHRM_PROF', 'nsu', 'summer2018'),
('3039', 'BS CSE', 'nsu', 'summer2018'),
('3040', 'BBA_FIN', 'nsu', 'summer2018'),
('3042', 'PHRM_PROF', 'nsu', 'summer2018');
INSERT INTO `student` (`cstu_id`, `cmajor_id`, `cuni_id`, `cadmission_id`) VALUES
('3043', 'BBA General', 'nsu', 'summer2018'),
('3044', 'BS CSE', 'nsu', 'summer2018'),
('3045', 'BS CSE', 'nsu', 'summer2018'),
('3047', 'BS Mic', 'nsu', 'summer2018'),
('3049', 'BBA General', 'nsu', 'summer2018'),
('3051', 'BS Mic', 'nsu', 'summer2018'),
('3052', 'BBA General', 'nsu', 'summer2018'),
('3053', 'BBA General', 'nsu', 'summer2018'),
('3054', 'BS EEE', 'nsu', 'summer2018'),
('3057', 'BBA General', 'nsu', 'summer2018'),
('3058', 'BS CSE', 'nsu', 'summer2018'),
('3059', 'BBA General', 'nsu', 'summer2018'),
('3062', 'BS Bichem', 'nsu', 'summer2018'),
('3063', 'BS Civil', 'nsu', 'summer2018'),
('3064', 'BS EEE', 'nsu', 'summer2018'),
('3066', 'BS CSE', 'nsu', 'summer2018'),
('3070', 'BBA_FIN', 'nsu', 'summer2018'),
('3071', 'BBA General', 'nsu', 'summer2018'),
('3072', 'BBA_MGT', 'nsu', 'summer2018'),
('3073', 'BS CSE', 'nsu', 'summer2018'),
('3074', 'BBA_ACT', 'nsu', 'summer2018'),
('3077', 'BS CSE', 'nsu', 'summer2018'),
('3079', 'BS CSE', 'nsu', 'summer2018'),
('3080', 'BS CSE', 'nsu', 'summer2018'),
('3083', 'BS CSE', 'nsu', 'summer2018'),
('3084', 'BBA_ACT', 'nsu', 'summer2018'),
('3085', 'BS Bichem', 'nsu', 'summer2018'),
('3087', 'BBA General', 'nsu', 'summer2018'),
('3089', 'BBA General', 'nsu', 'summer2018'),
('3090', 'BS CSE', 'nsu', 'summer2018'),
('3091', 'PHRM_PROF', 'nsu', 'summer2018'),
('3092', 'BS CSE', 'nsu', 'summer2018'),
('3095', 'BS CSE', 'nsu', 'summer2018'),
('3096', 'BA ENG', 'nsu', 'summer2018'),
('3099', 'BS CSE', 'nsu', 'summer2018'),
('3100', 'BBA General', 'nsu', 'summer2018'),
('3101', 'LLB', 'nsu', 'summer2018'),
('3103', 'BS CSE', 'nsu', 'summer2018'),
('3104', 'BS CSE', 'nsu', 'summer2018'),
('3105', 'BBA General', 'nsu', 'summer2018'),
('3107', 'BS CSE', 'nsu', 'summer2018'),
('3108', 'BS CSE', 'nsu', 'summer2018'),
('3109', 'BS ETE', 'nsu', 'summer2018'),
('3111', 'BS CSE', 'nsu', 'summer2018'),
('3112', 'BS CSE', 'nsu', 'summer2018'),
('3114', 'BS CSE', 'nsu', 'summer2018'),
('3115', 'BS Mic', 'nsu', 'summer2018'),
('3119', 'BS ECO', 'nsu', 'summer2018'),
('3120', 'BBA_FIN', 'nsu', 'summer2018'),
('3122', 'BS CSE', 'nsu', 'summer2018'),
('3123', 'BS CSE', 'nsu', 'summer2018'),
('3124', 'BBA_ACT', 'nsu', 'summer2018'),
('3125', 'BS CSE', 'nsu', 'summer2018'),
('3127', 'BS Civil', 'nsu', 'summer2018'),
('3129', 'BBA General', 'nsu', 'summer2018'),
('3131', 'PHRM_PROF', 'nsu', 'summer2018'),
('3132', 'BS Bichem', 'nsu', 'summer2018'),
('3133', 'BS CSE', 'nsu', 'summer2018'),
('3135', 'BS Civil', 'nsu', 'summer2018'),
('3137', 'BA ENG', 'nsu', 'summer2018'),
('3138', 'BS CSE', 'nsu', 'summer2018'),
('3141', 'BBA General', 'nsu', 'summer2018'),
('3143', 'BBA General', 'nsu', 'summer2018'),
('3145', 'BBA_MKT', 'nsu', 'summer2018'),
('3146', 'BBA_FIN', 'nsu', 'summer2018'),
('3148', 'BS CSE', 'nsu', 'summer2018'),
('3149', 'BS CSE', 'nsu', 'summer2018'),
('3151', 'BA ENG', 'nsu', 'summer2018'),
('3152', 'BBA_FIN', 'nsu', 'summer2018'),
('3153', 'BS ENV SCI', 'nsu', 'summer2018'),
('3157', 'BBA_ACT', 'nsu', 'summer2018'),
('3158', 'BS CSE', 'nsu', 'summer2018'),
('3160', 'BBA_MGT', 'nsu', 'summer2018'),
('3163', 'BBA General', 'nsu', 'summer2018'),
('3166', 'BBA_MIS', 'nsu', 'summer2018'),
('3170', 'BBA General', 'nsu', 'summer2018'),
('3171', 'BS Bichem', 'nsu', 'summer2018'),
('3173', 'BBA General', 'nsu', 'summer2018'),
('3174', 'BBA_HRM', 'nsu', 'summer2018'),
('3176', 'BA ENG', 'nsu', 'summer2018'),
('3177', 'BS CSE', 'nsu', 'summer2018'),
('3178', 'BBA_MIS', 'nsu', 'summer2018'),
('3179', 'BS EEE', 'nsu', 'summer2018'),
('3180', 'BBA General', 'nsu', 'summer2018'),
('3181', 'BS Civil', 'nsu', 'summer2018'),
('3184', 'BS CSE', 'nsu', 'summer2018'),
('3186', 'BBA General', 'nsu', 'summer2018'),
('3187', 'BBA General', 'nsu', 'summer2018'),
('3189', 'BS Bichem', 'nsu', 'summer2018'),
('3191', 'PHRM_PROF', 'nsu', 'summer2018'),
('3192', 'BS Civil', 'nsu', 'summer2018'),
('3193', 'BS Mic', 'nsu', 'summer2018'),
('3194', 'BBA_FIN', 'nsu', 'summer2018'),
('3195', 'PHRM_PROF', 'nsu', 'summer2018'),
('3196', 'PHRM_PROF', 'nsu', 'summer2018'),
('3197', 'BBA_MIS', 'nsu', 'summer2018'),
('3201', 'BBA_FIN', 'nsu', 'summer2018'),
('3204', 'BS ECO', 'nsu', 'summer2018'),
('3206', 'BBA General', 'nsu', 'summer2018'),
('3207', 'BBA_FIN', 'nsu', 'summer2018'),
('3209', 'BBA_ECO', 'nsu', 'summer2018'),
('3211', 'BS CSE', 'nsu', 'summer2018'),
('3213', 'BS CSE', 'nsu', 'summer2018'),
('3214', 'BS Civil', 'nsu', 'summer2018'),
('3216', 'BS CSE', 'nsu', 'summer2018'),
('3219', 'BS CSE', 'nsu', 'summer2018'),
('3220', 'PHRM_PROF', 'nsu', 'summer2018'),
('3222', 'BBA_FIN', 'nsu', 'summer2018'),
('3223', 'BS CSE', 'nsu', 'summer2018'),
('3225', 'LLB', 'nsu', 'summer2018'),
('3227', 'BS Civil', 'nsu', 'summer2018'),
('3228', 'BBA General', 'nsu', 'summer2018'),
('3229', 'PHRM_PROF', 'nsu', 'summer2018'),
('3230', 'BS ECO', 'nsu', 'summer2018'),
('3231', 'BS EEE', 'nsu', 'summer2018'),
('3232', 'BS CSE', 'nsu', 'summer2018'),
('3233', 'BS ETE', 'nsu', 'summer2018'),
('3234', 'PHRM_PROF', 'nsu', 'summer2018'),
('3235', 'BS Mic', 'nsu', 'summer2018'),
('3236', 'BA ENG', 'nsu', 'summer2018'),
('3239', 'BS CSE', 'nsu', 'summer2018'),
('3241', 'PHRM_PROF', 'nsu', 'summer2018'),
('3242', 'BS CSE', 'nsu', 'summer2018'),
('3243', 'BS CSE', 'nsu', 'summer2018'),
('3244', 'BS CSE', 'nsu', 'summer2018'),
('3245', 'BBA_MGT', 'nsu', 'summer2018'),
('3247', 'BBA_FIN', 'nsu', 'summer2018'),
('3248', 'BS EEE', 'nsu', 'summer2018'),
('3249', 'BS ENV SCI', 'nsu', 'summer2018'),
('3250', 'BS CSE', 'nsu', 'summer2018'),
('3251', 'BBA_IB', 'nsu', 'summer2018'),
('3252', 'BS Bichem', 'nsu', 'summer2018'),
('3254', 'PHRM_PROF', 'nsu', 'summer2018'),
('3255', 'BS CSE', 'nsu', 'summer2018'),
('3256', 'BS CSE', 'nsu', 'summer2018'),
('3257', 'BS CSE', 'nsu', 'summer2018'),
('3258', 'BBA General', 'nsu', 'summer2018'),
('3260', 'BBA General', 'nsu', 'summer2018'),
('3262', 'BS Bichem', 'nsu', 'summer2018'),
('3265', 'BBA General', 'nsu', 'summer2018'),
('3267', 'PHRM_PROF', 'nsu', 'summer2018'),
('3268', 'BBA General', 'nsu', 'summer2018'),
('3269', 'BS CSE', 'nsu', 'summer2018'),
('3270', 'BS CSE', 'nsu', 'summer2018'),
('3271', 'BA ENG', 'nsu', 'summer2018'),
('3272', 'BS CSE', 'nsu', 'summer2018'),
('3273', 'BBA_MKT', 'nsu', 'summer2018'),
('3274', 'BBA General', 'nsu', 'summer2018'),
('3275', 'BBA General', 'nsu', 'summer2018'),
('3276', 'BS ENV MGT', 'nsu', 'summer2018'),
('3277', 'BS EEE', 'nsu', 'summer2018'),
('3278', 'LLB', 'nsu', 'summer2018'),
('3279', 'BBA_ACT', 'nsu', 'summer2018'),
('3280', 'PHRM_PROF', 'nsu', 'summer2018'),
('3283', 'BS CSE', 'nsu', 'summer2018'),
('3284', 'BS CSE', 'nsu', 'summer2018'),
('3287', 'BS CSE', 'nsu', 'summer2018'),
('3288', 'BS CSE', 'nsu', 'summer2018'),
('3289', 'BBA General', 'nsu', 'summer2018'),
('3290', 'BBA_MKT', 'nsu', 'summer2018'),
('3295', 'PHRM_PROF', 'nsu', 'summer2018'),
('3296', 'PHRM_PROF', 'nsu', 'summer2018'),
('3297', 'BBA_FIN', 'nsu', 'summer2018'),
('3298', 'LLB', 'nsu', 'summer2018'),
('3299', 'BBA_FIN', 'nsu', 'summer2018'),
('3301', 'PHRM_PROF', 'nsu', 'summer2018'),
('3303', 'BS CSE', 'nsu', 'summer2018'),
('3304', 'BS CSE', 'nsu', 'summer2018'),
('3305', 'PHRM_PROF', 'nsu', 'summer2018'),
('3308', 'BS ECO', 'nsu', 'summer2018'),
('3312', 'BS Mic', 'nsu', 'summer2018'),
('3314', 'BBA_ECO', 'nsu', 'summer2018'),
('3315', 'BBA_FIN', 'nsu', 'summer2018'),
('3316', 'BA ENG', 'nsu', 'summer2018'),
('3320', 'PHRM_PROF', 'nsu', 'summer2018'),
('3321', 'BA ENG', 'nsu', 'summer2018'),
('3323', 'BBA_MKT', 'nsu', 'summer2018'),
('3326', 'BS CSE', 'nsu', 'summer2018'),
('3327', 'BBA_FIN', 'nsu', 'summer2018'),
('3328', 'LLB', 'nsu', 'summer2018'),
('3330', 'BBA General', 'nsu', 'summer2018'),
('3332', 'BS EEE', 'nsu', 'summer2018'),
('3335', 'BS CSE', 'nsu', 'summer2018'),
('3337', 'BBA General', 'nsu', 'summer2018'),
('3338', 'BS CSE', 'nsu', 'summer2018'),
('3340', 'BS CSE', 'nsu', 'summer2018'),
('3342', 'BBA General', 'nsu', 'summer2018'),
('3345', 'BS Bichem', 'nsu', 'summer2018'),
('3349', 'BBA_MIS', 'nsu', 'summer2018'),
('3350', 'BS Civil', 'nsu', 'summer2018'),
('3352', 'BBA General', 'nsu', 'summer2018'),
('3353', 'BBA_HRM', 'nsu', 'summer2018'),
('3355', 'BS CSE', 'nsu', 'summer2018'),
('3356', 'BS CSE', 'nsu', 'summer2018'),
('3357', 'BS CSE', 'nsu', 'summer2018'),
('3358', 'BS CSE', 'nsu', 'summer2018'),
('3359', 'BBA General', 'nsu', 'summer2018'),
('3366', 'BS CSE', 'nsu', 'summer2018'),
('3369', 'BBA_FIN', 'nsu', 'summer2018'),
('3370', 'BS Bichem', 'nsu', 'summer2018'),
('3372', 'BS EEE', 'nsu', 'summer2018'),
('3373', 'BBA General', 'nsu', 'summer2018'),
('3376', 'BS EEE', 'nsu', 'summer2018'),
('3377', 'BS CSE', 'nsu', 'summer2018'),
('3379', 'BS CSE', 'nsu', 'summer2018'),
('3380', 'BS CSE', 'nsu', 'summer2018'),
('3382', 'BS Bichem', 'nsu', 'summer2018'),
('3384', 'BBA General', 'nsu', 'summer2018'),
('3385', 'BBA General', 'nsu', 'summer2018'),
('3386', 'BS EEE', 'nsu', 'summer2018'),
('3387', 'BS EEE', 'nsu', 'summer2018'),
('3388', 'BBA_MGT', 'nsu', 'summer2018'),
('3389', 'BBA_HRM', 'nsu', 'summer2018'),
('3391', 'BBA General', 'nsu', 'summer2018'),
('3392', 'PHRM_PROF', 'nsu', 'summer2018'),
('3393', 'BS EEE', 'nsu', 'summer2018'),
('3394', 'BS EEE', 'nsu', 'summer2018'),
('3396', 'BS CSE', 'nsu', 'summer2018'),
('3397', 'BBA_FIN', 'nsu', 'summer2018'),
('3398', 'BBA_MGT', 'nsu', 'summer2018'),
('3399', 'BS CSE', 'nsu', 'summer2018'),
('3400', 'BS CSE', 'nsu', 'summer2018'),
('3401', 'PHRM_PROF', 'nsu', 'summer2018'),
('3402', 'BS Bichem', 'nsu', 'summer2018'),
('3403', 'BS CSE', 'nsu', 'summer2018'),
('3404', 'BS CSE', 'nsu', 'summer2018'),
('3406', 'BBA General', 'nsu', 'summer2018'),
('3407', 'BS CSE', 'nsu', 'summer2018'),
('3408', 'BS CSE', 'nsu', 'summer2018'),
('3409', 'BS ETE', 'nsu', 'summer2018'),
('3411', 'BBA General', 'nsu', 'summer2018'),
('3412', 'BBA General', 'nsu', 'summer2018'),
('3414', 'BS CSE', 'nsu', 'summer2018'),
('3417', 'BS CSE', 'nsu', 'summer2018'),
('3419', 'BA ENG', 'nsu', 'summer2018'),
('3423', 'PHRM_PROF', 'nsu', 'summer2018'),
('3424', 'BS EEE', 'nsu', 'summer2018'),
('3425', 'BS CSE', 'nsu', 'summer2018'),
('3427', 'BS Mic', 'nsu', 'summer2018'),
('3428', 'BS CSE', 'nsu', 'summer2018'),
('3429', 'BS CSE', 'nsu', 'summer2018'),
('3431', 'BS Civil', 'nsu', 'summer2018'),
('3435', 'BBA General', 'nsu', 'summer2018'),
('3437', 'BBA_MGT', 'nsu', 'summer2018'),
('3438', 'BBA_FIN', 'nsu', 'summer2018'),
('3439', 'BS CSE', 'nsu', 'summer2018'),
('3440', 'BA ENG', 'nsu', 'summer2018'),
('3441', 'BS CSE', 'nsu', 'summer2018'),
('3446', 'BBA General', 'nsu', 'summer2018'),
('3447', 'PHRM_PROF', 'nsu', 'summer2018'),
('3448', 'BS CSE', 'nsu', 'summer2018'),
('3449', 'PHRM_PROF', 'nsu', 'summer2018'),
('3451', 'LLB', 'nsu', 'summer2018'),
('3454', 'BS EEE', 'nsu', 'summer2018'),
('3456', 'BBA General', 'nsu', 'summer2018'),
('3458', 'BS CSE', 'nsu', 'summer2018'),
('3459', 'BS Bichem', 'nsu', 'summer2018'),
('3461', 'BS CSE', 'nsu', 'summer2018'),
('3462', 'BBA_ACT', 'nsu', 'summer2018'),
('3463', 'BS CSE', 'nsu', 'summer2018'),
('3464', 'BS CSE', 'nsu', 'summer2018'),
('3467', 'BBA_FIN', 'nsu', 'summer2018'),
('3468', 'BBA_MGT', 'nsu', 'summer2018'),
('3469', 'BBA General', 'nsu', 'summer2018'),
('3472', 'BBA_FIN', 'nsu', 'summer2018'),
('3477', 'BBA_FIN', 'nsu', 'summer2018'),
('3479', 'BBA General', 'nsu', 'summer2018'),
('3480', 'BBA General', 'nsu', 'summer2018'),
('3481', 'PHRM_PROF', 'nsu', 'summer2018'),
('3482', 'BS ENV MGT', 'nsu', 'summer2018'),
('3485', 'BBA General', 'nsu', 'summer2018'),
('3487', 'BS EEE', 'nsu', 'summer2018'),
('3491', 'BBA General', 'nsu', 'summer2018'),
('3492', 'PHRM_PROF', 'nsu', 'summer2018'),
('3494', 'BS CSE', 'nsu', 'summer2018'),
('3495', 'LLB', 'nsu', 'summer2018'),
('3496', 'BBA_MKT', 'nsu', 'summer2018'),
('3497', 'PHRM_PROF', 'nsu', 'summer2018'),
('3505', 'PHRM_PROF', 'nsu', 'summer2018'),
('3506', 'BS Civil', 'nsu', 'summer2018'),
('3507', 'PHRM_PROF', 'nsu', 'summer2018'),
('3508', 'BBA General', 'nsu', 'summer2018'),
('3510', 'BBA_ACT', 'nsu', 'summer2018'),
('3511', 'PHRM_PROF', 'nsu', 'summer2018'),
('3514', 'PHRM_PROF', 'nsu', 'summer2018'),
('3518', 'BA ENG', 'nsu', 'summer2018'),
('3519', 'PHRM_PROF', 'nsu', 'summer2018'),
('3520', 'BBA General', 'nsu', 'summer2018'),
('3522', 'BBA General', 'nsu', 'summer2018'),
('3523', 'BBA_MKT', 'nsu', 'summer2018'),
('3524', 'BBA General', 'nsu', 'summer2018'),
('3526', 'BBA_MGT', 'nsu', 'summer2018'),
('3527', 'BA ENG', 'nsu', 'summer2018'),
('3528', 'BBA_MIS', 'nsu', 'summer2018'),
('3531', 'BBA General', 'nsu', 'summer2018'),
('3532', 'BS CSE', 'nsu', 'summer2018'),
('3533', 'BS CSE', 'nsu', 'summer2018'),
('3534', 'BS Mic', 'nsu', 'summer2018'),
('3535', 'BS Mic', 'nsu', 'summer2018'),
('3538', 'BA ENG', 'nsu', 'summer2018'),
('3540', 'BS CSE', 'nsu', 'summer2018'),
('3541', 'BA ENG', 'nsu', 'summer2018'),
('3542', 'PHRM_PROF', 'nsu', 'summer2018'),
('3544', 'BS ECO', 'nsu', 'summer2018'),
('3546', 'BS CSE', 'nsu', 'summer2018'),
('3547', 'PHRM_PROF', 'nsu', 'summer2018'),
('3548', 'BS EEE', 'nsu', 'summer2018'),
('3550', 'BBA General', 'nsu', 'summer2018'),
('3551', 'PHRM_PROF', 'nsu', 'summer2018'),
('3552', 'BS Civil', 'nsu', 'summer2018'),
('3553', 'PHRM_PROF', 'nsu', 'summer2018'),
('3554', 'PHRM_PROF', 'nsu', 'summer2018'),
('3555', 'BS CSE', 'nsu', 'summer2018'),
('3557', 'BBA General', 'nsu', 'summer2018'),
('3558', 'BBA General', 'nsu', 'summer2018'),
('3564', 'BBA_FIN', 'nsu', 'summer2018'),
('3566', 'BBA_MKT', 'nsu', 'summer2018'),
('3567', 'BS ENV MGT', 'nsu', 'summer2018'),
('3568', 'BBA_MKT', 'nsu', 'summer2018'),
('3570', 'BBA_IB', 'nsu', 'summer2018'),
('3573', 'BBA General', 'nsu', 'summer2018'),
('3575', 'BBA_FIN', 'nsu', 'summer2018'),
('3577', 'PHRM_PROF', 'nsu', 'summer2018'),
('3578', 'BS CSE', 'nsu', 'summer2018'),
('3582', 'BBA_ACT', 'nsu', 'summer2018'),
('3583', 'BS CSE', 'nsu', 'summer2018'),
('3586', 'BBA_FIN', 'nsu', 'summer2018'),
('3588', 'BBA General', 'nsu', 'summer2018'),
('3589', 'BS Mic', 'nsu', 'summer2018'),
('3590', 'BBA_MKT', 'nsu', 'summer2018'),
('3591', 'BS CSE', 'nsu', 'summer2018'),
('3592', 'BS CSE', 'nsu', 'summer2018'),
('3593', 'PHRM_PROF', 'nsu', 'summer2018'),
('3595', 'BS EEE', 'nsu', 'summer2018'),
('3596', 'BBA_FIN', 'nsu', 'summer2018'),
('3597', 'BBA_FIN', 'nsu', 'summer2018'),
('3599', 'BS CSE', 'nsu', 'summer2018'),
('3600', 'BS EEE', 'nsu', 'summer2018'),
('3601', 'BS EEE', 'nsu', 'summer2018'),
('3603', 'BS EEE', 'nsu', 'summer2018'),
('3604', 'PHRM_PROF', 'nsu', 'summer2018'),
('3605', 'BBA General', 'nsu', 'summer2018'),
('3606', 'BA ENG', 'nsu', 'summer2018'),
('3607', 'BS CSE', 'nsu', 'summer2018'),
('3608', 'BBA General', 'nsu', 'summer2018'),
('3609', 'BBA_IB', 'nsu', 'summer2018'),
('3610', 'BS Civil', 'nsu', 'summer2018'),
('3613', 'BBA General', 'nsu', 'summer2018'),
('3615', 'BS CSE', 'nsu', 'summer2018'),
('3616', 'BS CSE', 'nsu', 'summer2018'),
('3620', 'LLB', 'nsu', 'summer2018'),
('3621', 'BBA_MKT', 'nsu', 'summer2018'),
('3622', 'BBA_ECO', 'nsu', 'summer2018'),
('3624', 'PHRM_PROF', 'nsu', 'summer2018'),
('3625', 'BBA_MKT', 'nsu', 'summer2018'),
('3628', 'BS EEE', 'nsu', 'summer2018'),
('3630', 'BS Bichem', 'nsu', 'summer2018'),
('3633', 'BS CSE', 'nsu', 'summer2018'),
('3635', 'LLB', 'nsu', 'summer2018'),
('3637', 'BS EEE', 'nsu', 'summer2018'),
('3638', 'BS CSE', 'nsu', 'summer2018'),
('3640', 'BS Bichem', 'nsu', 'summer2018'),
('3641', 'BS CSE', 'nsu', 'summer2018'),
('3642', 'BS EEE', 'nsu', 'summer2018'),
('3644', 'BBA General', 'nsu', 'summer2018'),
('3645', 'BS CSE', 'nsu', 'summer2018'),
('3646', 'BS Civil', 'nsu', 'summer2018'),
('3647', 'PHRM_PROF', 'nsu', 'summer2018'),
('3649', 'BBA_FIN', 'nsu', 'summer2018'),
('3652', 'BS CSE', 'nsu', 'summer2018'),
('3654', 'BS EEE', 'nsu', 'summer2018'),
('3655', 'BS EEE', 'nsu', 'summer2018'),
('3656', 'PHRM_PROF', 'nsu', 'summer2018'),
('3657', 'BS CSE', 'nsu', 'summer2018'),
('3659', 'BS ETE', 'nsu', 'summer2018'),
('3661', 'BS CSE', 'nsu', 'summer2018'),
('3662', 'BBA General', 'nsu', 'summer2018'),
('3663', 'BS EEE', 'nsu', 'summer2018'),
('3664', 'BA ENG', 'nsu', 'summer2018'),
('3666', 'BS Mic', 'nsu', 'summer2018'),
('3667', 'BBA General', 'nsu', 'summer2018'),
('3669', 'BS EEE', 'nsu', 'summer2018'),
('3670', 'BBA_ACT', 'nsu', 'summer2018'),
('3671', 'BS Bichem', 'nsu', 'summer2018'),
('3672', 'BS CSE', 'nsu', 'summer2018'),
('3673', 'BS Civil', 'nsu', 'summer2018'),
('3674', 'BS CSE', 'nsu', 'summer2018'),
('3677', 'BBA_MKT', 'nsu', 'summer2018'),
('3679', 'BS EEE', 'nsu', 'summer2018'),
('3680', 'PHRM_PROF', 'nsu', 'summer2018'),
('3681', 'PHRM_PROF', 'nsu', 'summer2018'),
('3682', 'PHRM_PROF', 'nsu', 'summer2018'),
('3683', 'PHRM_PROF', 'nsu', 'summer2018'),
('3684', 'BS CSE', 'nsu', 'summer2018'),
('3685', 'BS CSE', 'nsu', 'summer2018'),
('3686', 'BBA_ECO', 'nsu', 'summer2018'),
('3687', 'BS CSE', 'nsu', 'summer2018'),
('3688', 'LLB', 'nsu', 'summer2018'),
('3689', 'BBA General', 'nsu', 'summer2018'),
('3691', 'BS CSE', 'nsu', 'summer2018'),
('3692', 'PHRM_PROF', 'nsu', 'summer2018'),
('3693', 'PHRM_PROF', 'nsu', 'summer2018'),
('3694', 'BBA General', 'nsu', 'summer2018'),
('3695', 'BBA_FIN', 'nsu', 'summer2018'),
('3696', 'BS CSE', 'nsu', 'summer2018'),
('3697', 'BBA General', 'nsu', 'summer2018'),
('3700', 'BA ENG', 'nsu', 'summer2018'),
('3701', 'BS CSE', 'nsu', 'summer2018'),
('3703', 'PHRM_PROF', 'nsu', 'summer2018'),
('3705', 'BA ENG', 'nsu', 'summer2018'),
('3706', 'BS ENV SCI', 'nsu', 'summer2018'),
('3707', 'LLB', 'nsu', 'summer2018'),
('3708', 'BS CSE', 'nsu', 'summer2018'),
('3709', 'BBA General', 'nsu', 'summer2018'),
('3710', 'BS CSE', 'nsu', 'summer2018'),
('3711', 'BS CSE', 'nsu', 'summer2018'),
('3712', 'BBA_IB', 'nsu', 'summer2018'),
('3718', 'BS CSE', 'nsu', 'summer2018'),
('3722', 'BS Civil', 'nsu', 'summer2018'),
('3723', 'BS EEE', 'nsu', 'summer2018'),
('3724', 'PHRM_PROF', 'nsu', 'summer2018'),
('3726', 'BS EEE', 'nsu', 'summer2018'),
('3727', 'PHRM_PROF', 'nsu', 'summer2018'),
('3729', 'BS CSE', 'nsu', 'summer2018'),
('3730', 'BS CSE', 'nsu', 'summer2018'),
('3731', 'BS CSE', 'nsu', 'summer2018'),
('3732', 'PHRM_PROF', 'nsu', 'summer2018'),
('3734', 'BBA_FIN', 'nsu', 'summer2018'),
('3736', 'LLB', 'nsu', 'summer2018'),
('3738', 'BS CSE', 'nsu', 'summer2018'),
('3740', 'BA ENG', 'nsu', 'summer2018'),
('3741', 'BS CSE', 'nsu', 'summer2018'),
('3742', 'BS CSE', 'nsu', 'summer2018'),
('3744', 'BBA_FIN', 'nsu', 'summer2018'),
('3745', 'BBA General', 'nsu', 'summer2018'),
('3746', 'BS CSE', 'nsu', 'summer2018'),
('3747', 'BS CSE', 'nsu', 'summer2018'),
('3748', 'BS CSE', 'nsu', 'summer2018'),
('3749', 'BS ENV SCI', 'nsu', 'summer2018'),
('3751', 'BS CSE', 'nsu', 'summer2018'),
('3754', 'BS EEE', 'nsu', 'summer2018'),
('3756', 'BBA_ENT', 'nsu', 'summer2018'),
('3757', 'BA ENG', 'nsu', 'summer2018'),
('3759', 'BA ENG', 'nsu', 'summer2018'),
('3760', 'BBA_HRM', 'nsu', 'summer2018'),
('3761', 'BBA_MKT', 'nsu', 'summer2018'),
('3762', 'PHRM_PROF', 'nsu', 'summer2018'),
('3763', 'BS EEE', 'nsu', 'summer2018'),
('3765', 'BS Civil', 'nsu', 'summer2018'),
('3766', 'LLB', 'nsu', 'summer2018'),
('3767', 'BS CSE', 'nsu', 'summer2018'),
('3768', 'BBA_FIN', 'nsu', 'summer2018'),
('3772', 'BS Civil', 'nsu', 'summer2018'),
('3773', 'BS EEE', 'nsu', 'summer2018'),
('3775', 'BS Mic', 'nsu', 'summer2018'),
('3777', 'PHRM_PROF', 'nsu', 'summer2018'),
('3778', 'BS EEE', 'nsu', 'summer2018'),
('3779', 'BS CSE', 'nsu', 'summer2018'),
('3781', 'BBA General', 'nsu', 'summer2018'),
('3782', 'BS CSE', 'nsu', 'summer2018'),
('3784', 'BBA General', 'nsu', 'summer2018'),
('3785', 'BBA_HRM', 'nsu', 'summer2018'),
('3786', 'BS CSE', 'nsu', 'summer2018'),
('3787', 'BBA_ECO', 'nsu', 'summer2018'),
('3788', 'PHRM_PROF', 'nsu', 'summer2018'),
('3789', 'BS Mic', 'nsu', 'summer2018'),
('3790', 'BA ENG', 'nsu', 'summer2018'),
('3793', 'BS Mic', 'nsu', 'summer2018'),
('3794', 'BS Civil', 'nsu', 'summer2018'),
('3795', 'BS CSE', 'nsu', 'summer2018'),
('3796', 'BBA General', 'nsu', 'summer2018'),
('3797', 'BS Civil', 'nsu', 'summer2018'),
('3798', 'BS EEE', 'nsu', 'summer2018'),
('3799', 'BS CSE', 'nsu', 'summer2018'),
('3800', 'BBA_MKT', 'nsu', 'summer2018'),
('3801', 'BS CSE', 'nsu', 'summer2018'),
('3803', 'BS CSE', 'nsu', 'summer2018'),
('3804', 'BBA_MIS', 'nsu', 'summer2018'),
('3805', 'BBA General', 'nsu', 'summer2018'),
('3808', 'BBA_MKT', 'nsu', 'summer2018'),
('3809', 'BS CSE', 'nsu', 'summer2018'),
('3811', 'BS CSE', 'nsu', 'summer2018'),
('3812', 'BS Bichem', 'nsu', 'summer2018'),
('3813', 'BBA_IB', 'nsu', 'summer2018'),
('3814', 'BS CSE', 'nsu', 'summer2018'),
('3819', 'BBA_HRM', 'nsu', 'summer2018'),
('3820', 'BS Mic', 'nsu', 'summer2018'),
('3825', 'BS CSE', 'nsu', 'summer2018'),
('3826', 'BBA_MGT', 'nsu', 'summer2018'),
('3827', 'BBA General', 'nsu', 'summer2018'),
('3828', 'BBA General', 'nsu', 'summer2018'),
('3829', 'BS CSE', 'nsu', 'summer2018'),
('3830', 'BS CSE', 'nsu', 'summer2018'),
('3831', 'BS CSE', 'nsu', 'summer2018'),
('3832', 'BS CSE', 'nsu', 'summer2018'),
('3835', 'BS CSE', 'nsu', 'summer2018'),
('3836', 'BS CSE', 'nsu', 'summer2018'),
('3837', 'PHRM_PROF', 'nsu', 'summer2018'),
('3838', 'BBA General', 'nsu', 'summer2018'),
('3839', 'BS CSE', 'nsu', 'summer2018'),
('3841', 'PHRM_PROF', 'nsu', 'summer2018'),
('3844', 'BBA General', 'nsu', 'summer2018'),
('3845', 'BBA_MKT', 'nsu', 'summer2018'),
('3846', 'BS CSE', 'nsu', 'summer2018'),
('3847', 'BA ENG', 'nsu', 'summer2018'),
('3848', 'BS CSE', 'nsu', 'summer2018'),
('3849', 'BBA_MKT', 'nsu', 'summer2018'),
('3850', 'BBA_IB', 'nsu', 'summer2018'),
('3851', 'BBA_HRM', 'nsu', 'summer2018'),
('3852', 'BS EEE', 'nsu', 'summer2018'),
('3853', 'PHRM_PROF', 'nsu', 'summer2018'),
('3854', 'BS Civil', 'nsu', 'summer2018'),
('3855', 'BA ENG', 'nsu', 'summer2018'),
('3856', 'LLB', 'nsu', 'summer2018'),
('3857', 'BBA General', 'nsu', 'summer2018'),
('3858', 'BBA_MKT', 'nsu', 'summer2018'),
('3859', 'BBA General', 'nsu', 'summer2018'),
('3860', 'BBA General', 'nsu', 'summer2018'),
('3861', 'BS CSE', 'nsu', 'summer2018'),
('3863', 'BS Civil', 'nsu', 'summer2018'),
('3865', 'BBA General', 'nsu', 'summer2018'),
('3866', 'BS CSE', 'nsu', 'summer2018'),
('3867', 'BS CSE', 'nsu', 'summer2018'),
('3869', 'BS ENV MGT', 'nsu', 'summer2018'),
('3871', 'BBA_FIN', 'nsu', 'summer2018'),
('3873', 'BS CSE', 'nsu', 'summer2018'),
('3874', 'BS ECO', 'nsu', 'summer2018'),
('3876', 'PHRM_PROF', 'nsu', 'summer2018'),
('3877', 'BBA General', 'nsu', 'summer2018'),
('3878', 'PHRM_PROF', 'nsu', 'summer2018'),
('3879', 'PHRM_PROF', 'nsu', 'summer2018'),
('3880', 'PHRM_PROF', 'nsu', 'summer2018'),
('3883', 'BS CSE', 'nsu', 'summer2018'),
('3884', 'BS CSE', 'nsu', 'summer2018'),
('3885', 'BS CSE', 'nsu', 'summer2018'),
('3887', 'BBA General', 'nsu', 'summer2018'),
('3888', 'BS CSE', 'nsu', 'summer2018'),
('3890', 'BS CSE', 'nsu', 'summer2018'),
('3891', 'BBA General', 'nsu', 'summer2018'),
('3892', 'BBA General', 'nsu', 'summer2018'),
('3893', 'BS CSE', 'nsu', 'summer2018'),
('3894', 'BBA General', 'nsu', 'summer2018'),
('3895', 'BS CSE', 'nsu', 'summer2018'),
('3897', 'BS CSE', 'nsu', 'summer2018'),
('3898', 'BS CSE', 'nsu', 'summer2018'),
('3899', 'BBA_HRM', 'nsu', 'summer2018'),
('3900', 'BS CSE', 'nsu', 'summer2018'),
('3902', 'BS ECO', 'nsu', 'summer2018'),
('3903', 'BS CSE', 'nsu', 'summer2018'),
('3904', 'PHRM_PROF', 'nsu', 'summer2018'),
('3905', 'BBA General', 'nsu', 'summer2018'),
('3908', 'BBA General', 'nsu', 'summer2018'),
('3911', 'BS CSE', 'nsu', 'summer2018'),
('3915', 'BS CSE', 'nsu', 'summer2018'),
('3918', 'BS CSE', 'nsu', 'summer2018'),
('3920', 'BBA_MKT', 'nsu', 'summer2018'),
('3921', 'BS Mic', 'nsu', 'summer2018'),
('3924', 'BBA_MGT', 'nsu', 'summer2018'),
('3926', 'LLB', 'nsu', 'summer2018'),
('3931', 'BS CSE', 'nsu', 'summer2018'),
('3932', 'BS Bichem', 'nsu', 'summer2018'),
('3933', 'BBA General', 'nsu', 'summer2018'),
('3936', 'BS CSE', 'nsu', 'summer2018'),
('3940', 'BS ECO', 'nsu', 'summer2018'),
('3942', 'BS Bichem', 'nsu', 'summer2018'),
('3943', 'BS CSE', 'nsu', 'summer2018'),
('3944', 'BBA_FIN', 'nsu', 'summer2018'),
('3947', 'BS ECO', 'nsu', 'summer2018'),
('3949', 'BA ENG', 'nsu', 'summer2018'),
('3953', 'BS Civil', 'nsu', 'summer2018'),
('3957', 'BBA General', 'nsu', 'summer2018'),
('3958', 'BS CSE', 'nsu', 'summer2018'),
('3964', 'BS CSE', 'nsu', 'summer2018'),
('3966', 'BBA_FIN', 'nsu', 'summer2018'),
('3969', 'BS CSE', 'nsu', 'summer2018'),
('3970', 'BBA_ECO', 'nsu', 'summer2018'),
('3972', 'BBA General', 'nsu', 'summer2018'),
('3973', 'BS EEE', 'nsu', 'summer2018'),
('3975', 'BBA_IB', 'nsu', 'summer2018'),
('3976', 'BBA_FIN', 'nsu', 'summer2018'),
('3977', 'BS EEE', 'nsu', 'summer2018'),
('3980', 'BBA General', 'nsu', 'summer2018'),
('3981', 'BS CSE', 'nsu', 'summer2018'),
('3986', 'BBA General', 'nsu', 'summer2018'),
('3987', 'BS CSE', 'nsu', 'summer2018'),
('3989', 'BS CSE', 'nsu', 'summer2018'),
('3991', 'BBA_IB', 'nsu', 'summer2018'),
('3995', 'BS CSE', 'nsu', 'summer2018'),
('3999', 'BS CSE', 'nsu', 'summer2018'),
('400', 'BBA_MGT', 'nsu', 'spring2018'),
('4002', 'BS EEE', 'nsu', 'summer2018'),
('4003', 'BS CSE', 'nsu', 'summer2018'),
('4005', 'BBA General', 'nsu', 'summer2018'),
('4009', 'BS CSE', 'nsu', 'summer2018'),
('401', 'BBA_MGT', 'nsu', 'spring2018'),
('4011', 'BS CSE', 'nsu', 'summer2018'),
('4012', 'BS Mic', 'nsu', 'summer2018'),
('4019', 'BS CSE', 'nsu', 'summer2018'),
('402', 'BBA_MGT', 'nsu', 'spring2018'),
('4020', 'BBA General', 'nsu', 'summer2018'),
('4025', 'PHRM_PROF', 'nsu', 'summer2018'),
('4027', 'BBA General', 'nsu', 'summer2018'),
('4029', 'BS CSE', 'nsu', 'summer2018'),
('403', 'BBA_MGT', 'nsu', 'spring2018'),
('4030', 'BBA General', 'nsu', 'summer2018'),
('4033', 'BBA General', 'nsu', 'summer2018'),
('4035', 'BS CSE', 'nsu', 'summer2018'),
('4037', 'LLB', 'nsu', 'summer2018'),
('4039', 'BS Bichem', 'nsu', 'summer2018'),
('404', 'BBA_MGT', 'nsu', 'spring2018'),
('4042', 'BS CSE', 'nsu', 'summer2018'),
('4043', 'BS Bichem', 'nsu', 'summer2018'),
('4045', 'BS EEE', 'nsu', 'summer2018'),
('4046', 'BS CSE', 'nsu', 'summer2018'),
('4048', 'BBA General', 'nsu', 'summer2018'),
('405', 'BBA_MGT', 'nsu', 'spring2018'),
('4050', 'BBA General', 'nsu', 'summer2018'),
('4052', 'BS CSE', 'nsu', 'summer2018'),
('4055', 'BS CSE', 'nsu', 'summer2018'),
('4056', 'PHRM_PROF', 'nsu', 'summer2018'),
('4057', 'BS CSE', 'nsu', 'summer2018'),
('4058', 'BA ENG', 'nsu', 'summer2018'),
('406', 'BBA_MGT', 'nsu', 'spring2018'),
('4060', 'BBA_MGT', 'nsu', 'summer2018'),
('4061', 'BBA General', 'nsu', 'summer2018'),
('4062', 'BBA_MIS', 'nsu', 'summer2018'),
('4063', 'BS CSE', 'nsu', 'summer2018'),
('4065', 'PHRM_PROF', 'nsu', 'summer2018'),
('4066', 'BBA_MGT', 'nsu', 'summer2018'),
('4069', 'BS CSE', 'nsu', 'summer2018'),
('407', 'BBA_MGT', 'nsu', 'spring2018'),
('4073', 'BBA General', 'nsu', 'summer2018'),
('4074', 'BS CSE', 'nsu', 'summer2018'),
('4078', 'BS CSE', 'nsu', 'summer2018'),
('408', 'BBA_MGT', 'nsu', 'spring2018'),
('4081', 'BS CSE', 'nsu', 'summer2018'),
('4082', 'BS CSE', 'nsu', 'summer2018'),
('4083', 'LLB', 'nsu', 'summer2018'),
('4084', 'LLB', 'nsu', 'summer2018'),
('4088', 'BS Mic', 'nsu', 'summer2018'),
('409', 'BBA_MGT', 'nsu', 'spring2018'),
('4090', 'BS CSE', 'nsu', 'summer2018'),
('4092', 'BBA_MKT', 'nsu', 'summer2018'),
('4093', 'BBA_FIN', 'nsu', 'summer2018'),
('4095', 'BS ECO', 'nsu', 'summer2018'),
('4096', 'BS CSE', 'nsu', 'summer2018'),
('4097', 'BBA_MGT', 'nsu', 'summer2018'),
('4098', 'BS ECO', 'nsu', 'summer2018'),
('410', 'BBA_MGT', 'nsu', 'spring2018'),
('4100', 'BS EEE', 'nsu', 'summer2018'),
('4102', 'BS CSE', 'nsu', 'summer2018'),
('4103', 'BBA General', 'nsu', 'summer2018'),
('4105', 'BS EEE', 'nsu', 'summer2018'),
('4106', 'BBA_SCM', 'nsu', 'summer2018'),
('4107', 'BBA General', 'nsu', 'summer2018'),
('4108', 'BS EEE', 'nsu', 'summer2018'),
('411', 'BBA_MGT', 'nsu', 'spring2018'),
('4111', 'BS EEE', 'nsu', 'summer2018'),
('4112', 'PHRM_PROF', 'nsu', 'summer2018'),
('4114', 'BS CSE', 'nsu', 'summer2018'),
('4115', 'BS CSE', 'nsu', 'summer2018'),
('4116', 'BS CSE', 'nsu', 'summer2018'),
('4118', 'BBA General', 'nsu', 'summer2018'),
('4119', 'BBA General', 'nsu', 'summer2018'),
('412', 'BBA_MGT', 'nsu', 'spring2018'),
('4120', 'PHRM_PROF', 'nsu', 'summer2018'),
('4124', 'BBA General', 'nsu', 'summer2018'),
('4125', 'BA ENG', 'nsu', 'summer2018'),
('4126', 'BBA General', 'nsu', 'summer2018'),
('4127', 'BBA_MKT', 'nsu', 'summer2018'),
('4128', 'BS CSE', 'nsu', 'summer2018'),
('4129', 'BS EEE', 'nsu', 'summer2018'),
('413', 'BBA_MGT', 'nsu', 'spring2018'),
('4131', 'BS CSE', 'nsu', 'summer2018'),
('4133', 'BS CSE', 'nsu', 'summer2018'),
('4134', 'PHRM_PROF', 'nsu', 'summer2018'),
('4135', 'BBA General', 'nsu', 'summer2018'),
('4136', 'BBA General', 'nsu', 'summer2018'),
('4138', 'BBA_MGT', 'nsu', 'summer2018'),
('414', 'BBA_MGT', 'nsu', 'spring2018'),
('4140', 'BS ENV SCI', 'nsu', 'summer2018'),
('4142', 'BBA_MKT', 'nsu', 'summer2018'),
('4143', 'BS CSE', 'nsu', 'summer2018'),
('4145', 'BBA General', 'nsu', 'summer2018'),
('4147', 'BBA_FIN', 'nsu', 'summer2018'),
('4148', 'BS CSE', 'nsu', 'summer2018'),
('415', 'BBA_MGT', 'nsu', 'spring2018'),
('4151', 'BS CSE', 'nsu', 'summer2018'),
('4152', 'BBA General', 'nsu', 'summer2018'),
('4153', 'BBA_IB', 'nsu', 'summer2018'),
('4156', 'BS CSE', 'nsu', 'summer2018'),
('4158', 'BBA_MGT', 'nsu', 'summer2018'),
('416', 'BBA_MGT', 'nsu', 'spring2018'),
('4161', 'BS CSE', 'nsu', 'summer2018'),
('4163', 'BS EEE', 'nsu', 'summer2018'),
('4166', 'BS EEE', 'nsu', 'summer2018'),
('4167', 'BS Mic', 'nsu', 'summer2018'),
('4168', 'BS Mic', 'nsu', 'summer2018'),
('417', 'BBA_MGT', 'nsu', 'spring2018'),
('4170', 'BS ENV SCI', 'nsu', 'summer2018'),
('4171', 'BBA General', 'nsu', 'summer2018'),
('4172', 'BBA_FIN', 'nsu', 'summer2018'),
('4174', 'BBA General', 'nsu', 'summer2018'),
('4175', 'BS CSE', 'nsu', 'summer2018'),
('4177', 'BS CSE', 'nsu', 'summer2018'),
('4178', 'BS Bichem', 'nsu', 'summer2018'),
('4179', 'BBA General', 'nsu', 'summer2018'),
('418', 'BBA_MGT', 'nsu', 'spring2018'),
('4180', 'BS EEE', 'nsu', 'summer2018'),
('4182', 'BS Bichem', 'nsu', 'summer2018'),
('4183', 'BBA_FIN', 'nsu', 'summer2018'),
('4184', 'BBA_FIN', 'nsu', 'summer2018'),
('4186', 'BS CSE', 'nsu', 'summer2018'),
('4187', 'BS EEE', 'nsu', 'summer2018'),
('4188', 'BS EEE', 'nsu', 'summer2018'),
('4189', 'BS CSE', 'nsu', 'summer2018'),
('419', 'BBA_MGT', 'nsu', 'spring2018'),
('4190', 'BS CSE', 'nsu', 'summer2018'),
('4191', 'BBA_MGT', 'nsu', 'summer2018'),
('4192', 'BS CSE', 'nsu', 'summer2018'),
('4194', 'BS CSE', 'nsu', 'summer2018'),
('4197', 'BS Bichem', 'nsu', 'summer2018'),
('4199', 'BS ENV SCI', 'nsu', 'summer2018'),
('420', 'BBA_MGT', 'nsu', 'spring2018'),
('4202', 'BS CSE', 'nsu', 'summer2018'),
('4203', 'BS CSE', 'nsu', 'summer2018'),
('4205', 'BBA General', 'nsu', 'summer2018'),
('4206', 'BBA General', 'nsu', 'summer2018'),
('4207', 'BBA_MKT', 'nsu', 'summer2018'),
('421', 'BBA_MGT', 'nsu', 'spring2018'),
('4211', 'BS CSE', 'nsu', 'summer2018'),
('4212', 'BS CSE', 'nsu', 'summer2018'),
('4213', 'BS EEE', 'nsu', 'summer2018'),
('4214', 'BA ENG', 'nsu', 'summer2018'),
('4215', 'BS CSE', 'nsu', 'summer2018'),
('4218', 'BS CSE', 'nsu', 'summer2018'),
('422', 'BBA_MGT', 'nsu', 'spring2018'),
('423', 'BBA_MGT', 'nsu', 'spring2018'),
('424', 'BBA_MGT', 'nsu', 'spring2018'),
('425', 'BBA_MGT', 'nsu', 'spring2018'),
('426', 'BBA_MGT', 'nsu', 'spring2018'),
('427', 'BBA_MGT', 'nsu', 'spring2018'),
('428', 'BBA_MGT', 'nsu', 'spring2018'),
('429', 'BBA_MGT', 'nsu', 'spring2018'),
('430', 'BBA_MGT', 'nsu', 'spring2018'),
('431', 'BBA_MGT', 'nsu', 'spring2018'),
('432', 'BBA_MGT', 'nsu', 'spring2018'),
('433', 'BBA_MGT', 'nsu', 'spring2018'),
('434', 'BBA_MGT', 'nsu', 'spring2018'),
('435', 'BBA_MGT', 'nsu', 'spring2018'),
('436', 'BBA_MGT', 'nsu', 'spring2018'),
('437', 'BBA_MGT', 'nsu', 'spring2018'),
('438', 'BBA_MGT', 'nsu', 'spring2018'),
('439', 'BBA_MGT', 'nsu', 'spring2018'),
('440', 'BBA_MGT', 'nsu', 'spring2018'),
('441', 'BBA_MGT', 'nsu', 'spring2018'),
('442', 'BBA_MGT', 'nsu', 'spring2018'),
('443', 'BBA_MGT', 'nsu', 'spring2018'),
('444', 'BBA_MGT', 'nsu', 'spring2018'),
('445', 'BBA_MGT', 'nsu', 'spring2018'),
('446', 'BBA_MGT', 'nsu', 'spring2018'),
('447', 'BBA_MGT', 'nsu', 'spring2018'),
('448', 'BBA_MGT', 'nsu', 'spring2018'),
('449', 'BBA_MGT', 'nsu', 'spring2018'),
('450', 'BBA_MGT', 'nsu', 'spring2018'),
('451', 'BBA_MGT', 'nsu', 'spring2018'),
('452', 'BBA_MGT', 'nsu', 'spring2018'),
('453', 'BBA_MGT', 'nsu', 'spring2018'),
('454', 'BBA_MGT', 'nsu', 'spring2018'),
('455', 'BBA_MGT', 'nsu', 'spring2018'),
('456', 'BBA_MGT', 'nsu', 'spring2018'),
('457', 'BBA_MGT', 'nsu', 'spring2018'),
('458', 'BBA_MGT', 'nsu', 'spring2018'),
('459', 'BBA_MGT', 'nsu', 'spring2018'),
('460', 'BBA_MGT', 'nsu', 'spring2018'),
('461', 'BBA_MGT', 'nsu', 'spring2018'),
('462', 'BBA_MGT', 'nsu', 'spring2018'),
('463', 'BBA_MGT', 'nsu', 'spring2018'),
('464', 'BBA_MGT', 'nsu', 'spring2018'),
('465', 'BBA_MGT', 'nsu', 'spring2018'),
('466', 'BBA_MGT', 'nsu', 'spring2018'),
('467', 'BBA_MGT', 'nsu', 'spring2018'),
('468', 'BBA_MGT', 'nsu', 'spring2018'),
('469', 'BBA_MGT', 'nsu', 'spring2018'),
('470', 'BBA_MGT', 'nsu', 'spring2018'),
('471', 'BBA_MGT', 'nsu', 'spring2018'),
('472', 'BBA_MGT', 'nsu', 'spring2018'),
('473', 'BBA_MGT', 'nsu', 'spring2018'),
('474', 'BBA_MGT', 'nsu', 'spring2018'),
('475', 'BBA_MGT', 'nsu', 'spring2018'),
('476', 'BBA_MGT', 'nsu', 'spring2018'),
('477', 'BBA_MGT', 'nsu', 'spring2018'),
('478', 'BBA_MGT', 'nsu', 'spring2018'),
('479', 'BBA_MGT', 'nsu', 'spring2018'),
('480', 'BBA_MGT', 'nsu', 'spring2018'),
('481', 'BBA_MGT', 'nsu', 'spring2018'),
('482', 'BBA_MGT', 'nsu', 'spring2018'),
('483', 'BBA_MGT', 'nsu', 'spring2018'),
('484', 'BBA_MGT', 'nsu', 'spring2018'),
('485', 'BBA_MGT', 'nsu', 'spring2018'),
('486', 'BBA_MGT', 'nsu', 'spring2018'),
('487', 'BBA_MGT', 'nsu', 'spring2018'),
('488', 'BBA_MGT', 'nsu', 'spring2018'),
('489', 'BBA_MGT', 'nsu', 'spring2018'),
('490', 'BBA_MGT', 'nsu', 'spring2018'),
('491', 'BBA_MGT', 'nsu', 'spring2018'),
('492', 'BBA_MGT', 'nsu', 'spring2018'),
('493', 'BBA_MGT', 'nsu', 'spring2018'),
('494', 'BBA_MGT', 'nsu', 'spring2018'),
('495', 'BBA_MGT', 'nsu', 'spring2018'),
('496', 'BBA_MGT', 'nsu', 'spring2018'),
('497', 'BBA_MGT', 'nsu', 'spring2018'),
('498', 'BBA_MGT', 'nsu', 'spring2018'),
('499', 'BBA_MGT', 'nsu', 'spring2018');

-- --------------------------------------------------------

--
-- Table structure for table `university`
--

CREATE TABLE `university` (
  `cuni_id` varchar(255) NOT NULL,
  `cuni_name` varchar(255) DEFAULT NULL
) ENGINE=InnoDB DEFAULT CHARSET=latin1;

--
-- Dumping data for table `university`
--

INSERT INTO `university` (`cuni_id`, `cuni_name`) VALUES
('bracu', 'Brac University'),
('ewu', 'East West University'),
('iub', 'Independent University Bangladesh'),
('nsu', 'North South University');

-- --------------------------------------------------------

--
-- Table structure for table `user`
--

CREATE TABLE `user` (
  `cuser_id` varchar(255) NOT NULL,
  `cpsw_hash` varchar(255) NOT NULL,
  `cuser_name` varchar(255) NOT NULL,
  `cuser_group_id` varchar(255) NOT NULL
) ENGINE=InnoDB DEFAULT CHARSET=latin1;

--
-- Dumping data for table `user`
--

INSERT INTO `user` (`cuser_id`, `cpsw_hash`, `cuser_name`, `cuser_group_id`) VALUES
('fahim', 'cd9d379715cccc83fd8c8c2dc0730c6dd081bd35', 'Fahim Ferdous', 'admin'),
('rafikhan', 'd3d0379126c1e5e0ba70ad6e5e53ff6aeab9f4fa', 'Rafi Khan', 'admin');

-- --------------------------------------------------------

--
-- Table structure for table `user_group`
--

CREATE TABLE `user_group` (
  `cuser_group_id` varchar(255) NOT NULL,
  `cuser_group_name` varchar(255) NOT NULL,
  `cuser_group_module` varchar(255) NOT NULL
) ENGINE=InnoDB DEFAULT CHARSET=latin1;

--
-- Dumping data for table `user_group`
--

INSERT INTO `user_group` (`cuser_group_id`, `cuser_group_name`, `cuser_group_module`) VALUES
('admin', 'Administrator', 'ALL'),
('deo', 'Data Entry Operator', 'INSERT'),
('fac', 'Faculty', 'VIEW');

--
-- Indexes for dumped tables
--

--
-- Indexes for table `admission`
--
ALTER TABLE `admission`
  ADD PRIMARY KEY (`cadmission_id`),
  ADD KEY `FK` (`csemester_id`);

--
-- Indexes for table `major`
--
ALTER TABLE `major`
  ADD PRIMARY KEY (`cmajor_id`);

--
-- Indexes for table `offeredmajor`
--
ALTER TABLE `offeredmajor`
  ADD PRIMARY KEY (`cmajor_id`,`cschool_id`,`cuni_id`);

--
-- Indexes for table `school`
--
ALTER TABLE `school`
  ADD PRIMARY KEY (`cschool_id`);

--
-- Indexes for table `semester`
--
ALTER TABLE `semester`
  ADD PRIMARY KEY (`csemester_id`);

--
-- Indexes for table `student`
--
ALTER TABLE `student`
  ADD PRIMARY KEY (`cstu_id`),
  ADD KEY `FK3` (`cadmission_id`);

--
-- Indexes for table `university`
--
ALTER TABLE `university`
  ADD PRIMARY KEY (`cuni_id`),
  ADD KEY `cuni_id` (`cuni_id`);

--
-- Indexes for table `user`
--
ALTER TABLE `user`
  ADD PRIMARY KEY (`cuser_id`),
  ADD KEY `US1` (`cuser_group_id`);

--
-- Indexes for table `user_group`
--
ALTER TABLE `user_group`
  ADD PRIMARY KEY (`cuser_group_id`);

--
-- Constraints for dumped tables
--

--
-- Constraints for table `admission`
--
ALTER TABLE `admission`
  ADD CONSTRAINT `FK` FOREIGN KEY (`csemester_id`) REFERENCES `semester` (`csemester_id`);

--
-- Constraints for table `student`
--
ALTER TABLE `student`
  ADD CONSTRAINT `student_ibfk_1` FOREIGN KEY (`cadmission_id`) REFERENCES `admission` (`cadmission_id`);

--
-- Constraints for table `user`
--
ALTER TABLE `user`
  ADD CONSTRAINT `US1` FOREIGN KEY (`cuser_group_id`) REFERENCES `user_group` (`cuser_group_id`);
COMMIT;

/*!40101 SET CHARACTER_SET_CLIENT=@OLD_CHARACTER_SET_CLIENT */;
/*!40101 SET CHARACTER_SET_RESULTS=@OLD_CHARACTER_SET_RESULTS */;
/*!40101 SET COLLATION_CONNECTION=@OLD_COLLATION_CONNECTION */;
